Name;Date;Amount;Category;Notes
Edward Luettgen;6-10-2023;9424.13;travel; virgo acquiro sed arceo totus conspergo copiose corrigo. 
  DR. MOSES DOUGLAS  ;5/4/2023;5195.53;Other;Contabesco eum cometes adulescens acquiro vis derideo blandior ater.
Stewart Robel;3-17-2023; 6940.21 ;Other;Compello bardus sunt certe sunt agnosco subito sum sum subito.
dr. clifford torp;2023-11-06; 4461,38 ;Office; Consectetur corrupti patrocinor audacia canonicus. 
Christy Skiles MD;5/12/2023; 7273.32 ;Food; Aqua terror termes combibo canto quos adulescens depraedor nihil studio. 
  STEVE RIPPIN  ;10-2-2023;9497.78;Health;Concido animadverto theca contabesco alioqui cavus vis nobis.
LYNN LIND;3-12-2023;9072.17;Food;ASCIT NAM CONSCENDO AURUM.
VELMA WINTHEISER-DECKOW;9/7/2023;7999.44;Other;vinum depono pauper.
  MR. PHILLIP KIRLIN  ;2023-12-16;1133.96;Food;Defetiscor verecundia cunae.
Loretta Stamm;14/10/2023; 9928.63 ;Other;Cognatus cupressus corrupti caute.
Brandon Schumm;2023-03-03; 2709,69 ; OFFICE ;Officia dolorem vitae ea defaeco absum virgo crastinus ver.
Herbert Schoen DDS;2/2/2023; 971,93 ;Travel;Ab maxime volo conor coruscus comprehendo causa.
  Roberta Jakubowski IV  ;15/2/2023; 1133.21 ;FOOD;Patior summopere adficio eveniet vulnero aureus.
DR. ALEXIS MCLAUGHLIN;2-27-2023;1491.11; other ;Adficio vivo pax doloremque depromo comburo et tamquam decumbo.
  kelly bode sr.  ;2023-06-07;806.70;Travel;Cum vilitas avarus ara ulterius eaque.
bobbie schaefer md;2023-10-22;8683.08; Food ;Eum maxime calco vestrum.
Darrel Dickens;3-9-2023;9535.65; Health ;Casso decet dolor blandior coaegresco termes comparo.
Joanne Hansen;2023-05-10;6909,80;Health;cognatus annus cubitum atque vorax audentia colligo.
MR. WENDELL CRUICKSHANK-KIRLIN;2023-01-23; 2438.88 ;office;BASIUM COPIA DEMITTO VOLATICUS USITAS.
Melvin Parisian;2023-02-11;5861.29; Office ;Derelinquo degero cena vulticulus temeritas armarium cedo creta.
RAMIRO PFEFFER;24/10/2023;4441,17;OTHER;DESINO ADMONEO COPIA.
Freddie Boyle;2023-08-01;5867.28;Health;vestigium optio patria brevis temptatio.
Michelle Walter;2023-01-03;9399.00; Food ;caveo solitudo capitulus causa maiores allatus verbera.
LETICIA WEIMANN;2023-04-25;3248,93;other;SUPPELLEX AUREUS VULPES ADVERSUS SAPIENTE REPELLENDUS TRUCIDO ARCEO VOLUPTATUM.
  DR. GUADALUPE HELLER  ;2023-04-20;4458.17; Office ;Thesis sollicito decimus tabernus consequatur valetudo solutio cultura celebrer.
  Mr. Salvatore Murphy  ;4/1/2023; 5769.48 ;Food;turpis minus volutabrum suadeo verus civis.
julio keebler;2023-03-05; 2420.55 ;Travel;Fugit aliquid taceo uredo aegrotatio nostrum vilitas.
  louise stamm  ;29/6/2023;3723.37;OFFICE;Arguo tabella patior modi in urbanus crur caveo timidus a.
Vicky Bosco;2023-10-23;9649,07;Other;Officia repellat coaegresco.
dana schiller;2023-03-16; 7394.75 ;other;Contabesco ambulo sub.
JUAN TORPHY;16/7/2023;1041.80; travel ;Ventus adinventitias agnosco ademptio ulterius.
  Marion Cormier  ;6-12-2023;1066.37;Health;Administratio tamdiu acerbitas creator suus harum possimus deporto arguo adulescens.
silvia klocko;10/9/2023; 8665.33 ; TRAVEL ;DESIPIO VIRGA VARIUS OPTIO TUMULTUS.
Florence Swift;11-10-2023;9530,05;Other;Demoror vel tergeo agnosco cernuus.
VICKY DICKINSON;2023-04-25;4120.54;Health;Ago convoco voro tero vulgo utique valens architecto appono sortitus.
duane murray;16/12/2023;9113.15;Travel;Ait villa defluo claro xiphias qui peior maxime.
Mindy Hartmann;19/4/2023;5758.87;Other; claro beatae trado sed quam repudiandae conventus. 
HUBERT PREDOVIC;9/12/2023;5874,78;FOOD;rem degero tumultus annus voluptatum sum quam impedit conservo.
  Naomi Hammes  ;5-31-2023;7777.18;food; Patrocinor acerbitas thymbra adulatio debitis agnitio solvo. 
leonard wisozk;6-29-2023;6168.03;Office;Voveo alius vallum cuius adipiscor comptus decretum.
Nelson Beier;2023-01-21;3576.99;TRAVEL; TEGO CORPUS CIMENTARIUS CURTUS COMPTUS ASPERNATUR CARMEN COGO TABELLA AESTUS. 
  JONATHON MOEN  ;23/12/2023;8691.42;Travel;Corona ait rem summa caritas conitor velit ascisco nemo dolore.
  Minnie Koch  ;12/9/2023;6239.77; travel ;Delectatio pauper animus terror crux virtus tolero.
dr. roland hansen;20/3/2023;6837.02; Travel ;ubi vel delectatio adiuvo debilito cauda deputo.
Dr. Francisco Hamill;9-27-2023;4298.26;Other; Denego atavus ulterius audax adnuo. 
paula goyette;19/4/2023;2242,16;Food; Administratio volutabrum aufero. 
Suzanne Rutherford;2023-02-03; 780,62 ;Travel;Quo molestiae surculus adhaero curo amet aureus degero desolo.
Melody Barton;5/8/2023;463,29;Other; vigor colo varius optio spiritus. 
randolph johnston-kerluke;2023-07-11;2693,89;Food;urbs bellicus velit aurum defungo vulticulus.
mr. jackie leffler;2023-06-04;7887.81;travel;NEQUE SUI UNA UTERQUE.
Kelli Glover-Davis;2023-07-16;9670.02;HEALTH;Aperiam cavus temporibus.
  LLOYD SCHUSTER DDS  ;20/3/2023;4270,86;Health;APERTE CITO CUPRESSUS VILIS ADFICIO SOPHISMATA COMMODI THYMUM.
Simon Hermann;2023-03-30;8006.81;HEALTH;defluo asper dolore molestias eveniet conscendo cruciamentum uterque alias.
anne von;5-8-2023;2432.20;travel;thymbra vix voluptates tabgo amaritudo.
Angel Beatty;1-7-2023; 7464.90 ; OTHER ;Tertius aedificium autem totidem.
  francis mante  ;16/4/2023;2663,32;food;Spiritus quidem cogo abundans curto utpote sumptus adhuc solutio amet.
Julia Volkman;2023-12-23;7983,77; office ;Totus comedo aetas.
PENNY TREMBLAY;21/8/2023; 79.81 ;Office;tergiversatio temptatio adeptio suppono aptus victus turba valens ait aranea.
Doris Schultz;31/10/2023;1078.18;Travel;causa cur tepesco.
Terrence Kohler;6/2/2023;7945.80;food;Nulla defetiscor unde solus vulgus.
Bobbie Lehner Sr.;8/1/2023; 6737,34 ;office;Trado advenio theca maiores bardus vicissitudo eos.
gertrude jakubowski;7-27-2023;6873.45;Food; Cedo defendo viduo crux accommodo aufero. 
  Cecil Reynolds  ;2023-02-10; 8195.16 ;food;Aequus doloremque vespillo alias appello creptio vinitor cribro tamquam.
dewey fahey;6-3-2023; 1530.97 ;Travel;Socius animi arcus cras amoveo consequatur viduo ustilo assentator.
Deborah Douglas;6/2/2023;4244.40;Other;Somnus adulescens adinventitias crastinus.
Kurt Cormier;7-14-2023; 2361,13 ; HEALTH ;Tabgo ultio bestia stabilis argentum.
Mr. Phillip Friesen;24/1/2023; 5925.02 ;OTHER; Compono spes auctor aiunt ara aveho tener vomica. 
dr. candice weimann;2023-09-15;8343,20;Food;CRAS TERGUM ARS VERSUS TERRA CERVUS CONSUASOR SURGO USUS DECUMBO.
katie schinner;10-7-2023;6285,81; Other ;curiositas statua texo arbustum culpa vinum.
Minnie Powlowski;12-23-2023;5281,27;TRAVEL;Cunabula crepusculum viscus nulla demoror vindico amitto.
Philip Parisian;9-6-2023;3477.64;travel;Odit sint titulus asperiores abeo ducimus conculco.
Brett Renner;2023-03-23;4207.63;Health;Caritas atqui complectus.
Holly Kunde;5-22-2023;9748.17; Office ;Viridis votum subvenio.
MONICA CRIST;2023-08-13; 2450.70 ; Food ; aequus acies altus adipiscor cogito trans. 
  ESTHER KESSLER  ;17/12/2023;9574.47;Health;Valeo nihil sperno subseco demonstro tempus.
Erma Lueilwitz;2023-09-01;8515,91;Other;Sol corrumpo cur caecus.
  Bobby Schoen-Ryan PhD  ;3-4-2023;1564.12;OFFICE;praesentium somniculosus vester ex vulticulus.
Mr. Alfonso Swaniawski;2/12/2023;81.59;Health; Comprehendo perspiciatis coma apostolus quibusdam. 
Eva Champlin;29/8/2023;3645.69;Office;ARX ACCEPTUS CUNAE DAMNO TUNC AMBULO VILIS.
Alice Nicolas PhD;25/8/2023;1489.20;Office;Cibus esse numquam adfero turba suffoco claudeo.
Timothy Dach II;22/6/2023;5594.70; Health ;Aut modi defleo.
mr. clyde reichel;15/5/2023;6413.15;Office;Antepono arca cedo vulticulus attollo a.
rex harris;2023-07-24; 1448,29 ;Health;Molestias umerus cattus curto spero cetera abscido decretum via voro.
  stanley jones iii  ;2023-10-29;3681.86;health;Quo stultus tandem acies ambulo decumbo absum.
  DR. CAMILLE BROWN  ;3/2/2023;4364.87;Travel;Apostolus decipio balbus.
Bradley Kuphal PhD;2-24-2023;9806,40; Food ;vapulus ter volaticus curto clementia venustas capillus qui.
Teri Rolfson-Farrell DDS;1-21-2023;810.84;other;AGGERO USTILO CURSO TERMINATIO VOLUPTATEM MOLESTIAS ACCUSANTIUM CORONA USTILO CURA.
walter schultz;10/3/2023;1920,88;health;Viduo asper sperno comburo adduco volo.
MARGIE LEGROS;2023-05-08;6727,69;Food;Curatio sumptus cauda.
Shelia Kreiger;5-7-2023;7813,03; TRAVEL ;vado amet aduro copia.
Winston Sawayn;2023-01-11; 2963,67 ; Travel ;VERO CUIUS AUDACIA LIBERO CRINIS TUNC DEMO SUI.
JEANNE LEDNER-ROHAN;2023-04-10;3475,43;Food;Ver vinitor creptio.
debbie hauck;3/5/2023; 5628.51 ;Other;CANIS VOLUPTAS CRESCO.
  cameron dach  ;2023-06-13;6098,30; Office ; Pel cultellus volaticus ater acerbitas candidus ab terebro aveho. 
CHAD BUCKRIDGE;2023-07-02;831.70;other;Denuo quibusdam arma atavus antepono anser corona color vos quae.
  Blanca Gutmann  ;25/3/2023;6173.07;FOOD;Quae apostolus ad cupressus cupiditas.
  Rick Donnelly  ;6-8-2023;2644.53;health;Arbor theca stipes coadunatio vigilo tergo spectaculum absens surculus arcesso.
MARLON KERTZMANN;23/9/2023;6387.04; TRAVEL ; Verumtamen tabernus atavus careo summa dolor. 
CLAIRE CRONIN;24/5/2023;3571.20;Office;Spectaculum repellat allatus.
jack auer;12-17-2023;9937,19;office;amplus necessitatibus doloremque varietas quod reprehenderit spero tergeo minus.
nathan toy;5-11-2023;2376,10;Health;Stips summopere sollicito.
  henry torphy  ;13/4/2023;5815.43; Office ; Somniculosus vito caterva aestas vinitor totus absens tremo. 
STACEY HUELS;4-29-2023;9002.02;Travel;Demulceo ater quasi creator depopulo damno paens omnis.
ralph champlin;2023-03-28;415.27;Food;Certe vorax accusantium adeo urbs aspernatur sursum carus ulciscor.
ELLA ROHAN;2023-09-28;4548.35;Health;Depono repudiandae conitor omnis ars angelus trans vero abbas cariosus.
Sheldon Durgan;16/10/2023; 3788.06 ;office;Timor cunae ara abbas vesper appono.
  Virgil Waelchi  ;1/2/2023;7751.94;food;Aeternus delectatio voco quaerat aer.
Mr. Jamie Christiansen;29/11/2023;7954,70;Food;OMNIS SORTITUS DENS SIMILIQUE UMQUAM CORPORIS.
  JOHNNIE WILLMS-MILLER MD  ;17/8/2023; 3942,03 ;FOOD;dedecor tempus aiunt claudeo crudelis crastinus addo vel clarus.
MEREDITH HELLER;2023-07-29; 1238.83 ;food;Vir pauper aqua cohaero condico vesica aeger decor ad.
ISRAEL BEAHAN;11-6-2023;7512,37; food ;nobis assumenda tenuis administratio depono terebro somniculosus ex cauda.
Brent Shanahan;2023-01-20;1457,99;Health; adinventitias itaque usque aranea animi facere. 
Sandra Bergstrom;23/4/2023;2684.89;Food; Civis conculco summa solus tunc contego tertius comprehendo adicio barba. 
Thelma Boehm;8-13-2023;5657.17;Office; Acervus carmen distinctio aequus libero distinctio adflicto. 
ALLISON METZ;2023-04-11;9767.84;Office; Acies deserunt quidem arcus corporis. 
CHRISTY PARISIAN;24/1/2023;995.85; Travel ; Rerum aegrotatio suscipio victus turbo bestia. 
MS. LANA MULLER-RENNER;2023-12-10; 8373.14 ;Health; Tum amplexus repellendus cohibeo cohaero quisquam cauda. 
Theodore Steuber Sr.;8-16-2023;8443.32; OTHER ;PERFERENDIS TURPIS VENIO ADULESCENS AUFERO.
Jeffrey Emmerich;8/8/2023;6514.73; health ;patruus angulus deorsum capio urbs creber cubicularis tempore.
Lamar Blick;10-3-2023;5198.68;travel; Volo suscipio congregatio somnus amplexus reprehenderit accusator urbanus. 
Lorene King;2023-06-01; 2418.80 ; Food ;Terra adduco tubineus totus.
Mr. Julius Brakus;2023-08-05;1870.18;Office; Numquam vereor eveniet balbus crur. 
bobbie schmeler;2023-02-20; 8252,25 ;Other; Causa terebro numquam acsi pecco caterva totus qui cogito sophismata. 
louise smitham;12-22-2023;1195.77;Health;Reiciendis bestia pel verbera toties claustrum suadeo combibo.
Randall Kessler DVM;12-5-2023;3726.90; Health ; Valde succurro strenuus caste defleo. 
  Andrew Leannon DDS  ;11/1/2023;6917.28;TRAVEL;Utique tendo sui teneo claro audeo iusto molestiae.
Mr. Jacob Moen;2023-09-03;4782.33;OTHER;Tepesco cura turbo.
ALICE BRUEN;6/6/2023; 8972.81 ;OFFICE;unde collum thorax collum.
Angel Erdman;8/10/2023; 2914,49 ;health; spoliatio suppellex solio statim deinde. 
  Henry Feil  ;2023-08-31;6246.93;Office;DENUNCIO SPECIOSUS CORRIGO BARDUS SYNAGOGA TERMINATIO BARBA ALTER.
Annette Armstrong;21/3/2023;8656.12;Other;DAPIFER USUS SPOLIATIO DECENS CLAM ANTIQUUS RATIONE DEFENDO AMITTO.
Dr. Kelvin Boehm;7-15-2023;1699.62;Food; VIRGO VENUSTAS CONDICO DOLORUM CARCER APPONO DELEO VITIOSUS PAENS. 
Gilbert Kunze;2023-09-14; 8822.64 ;Travel;Adsum crebro utique artificiose tabgo.
Oliver Gulgowski;15/11/2023;9144.02;Food; ACCEPTUS DOLORE TABERNUS CATERVA NOBIS ALIUS. 
  tim maggio  ;9/1/2023;1465.98;Food;Alii administratio amet carcer aqua ustilo statua decerno audax.
Ms. Mable Blick;5-14-2023; 8543.68 ;Health;Acceptus corrumpo coniecto animus video.
PAT LUETTGEN;2023-04-23;4960,28; Health ;optio sursum molestiae.
Clint Bauch-Gulgowski II;9-27-2023;9129,83;OTHER;Tabgo numquam capillus ustilo.
  clyde parker-hickle  ;5/5/2023; 9308.40 ;health; Substantia doloremque comes aliquid clarus calamitas tamen basium hic. 
Abel Dibbert;2023-04-13;4478.20; Office ;Iusto tergiversatio cuius adulatio pecto aetas.
  Josh Pacocha  ;1-15-2023;4128.85;Office;Modi supra tredecim pariatur vigilo amplitudo infit.
Lyle Langworth;2/1/2023;3513,13; Other ;Nisi termes theca.
brandon walter;2023-08-02;6327.56;Health;Absens deinde circumvenio.
mr. tommie labadie;11-5-2023;8928.67;Other;Dolorem deorsum spargo vulgaris abbas astrum est.
  Nina Wiza Jr.  ;25/4/2023;4034,34;HEALTH;VALENS CATTUS SUMMA ILLUM DOLOREM TENDO PARIATUR THYMBRA DENUNCIO CATERVA.
  LUKE STRACKE  ;21/6/2023;5887,89;FOOD;contego coniecto certe celebrer tendo viduo tum ver ultra adhaero.
theresa daugherty;2023-09-19;1715.13;Office;COMMODI AUDEO CURSIM AMOR.
DANIEL HACKETT;9-25-2023;9569,72; other ;adipisci ultio abundans auctor utrimque.
  Donna Johnson  ;6/10/2023;4633.75;Other;beneficium tabernus cognatus victoria aetas totus accendo.
Marie Schimmel;25/7/2023;7164.20;OTHER;atavus decor demens valens umerus accendo carpo utpote.
Clifton Wiza;2023-05-10;8529.75;OFFICE; tam itaque voluntarius. 
  fredrick marks  ;7-5-2023;1213.33;Travel;Curvo desolo omnis temeritas tum aequitas rem.
orlando gutkowski;7-24-2023;4601.03; FOOD ; Depopulo advenio reprehenderit decumbo peccatus. 
LESLIE VANDERVORT;13/2/2023;3022,21;HEALTH;CONIURATIO CIVIS CAUTE DOLOREM CARITAS COGITO AMISSIO.
Myron Beier;6/9/2023;7165.56; health ;Curtus ascisco suadeo.
Mr. Shannon Batz;2023-03-31;8938.69;Travel;VOLATICUS CONDUCO VIR ID SOLLERS APPOSITUS.
deborah schoen-doyle;2023-05-13;9935.96;OFFICE;Alter tepidus copiose amitto cenaculum ab reprehenderit.
Ed Hills;2023-04-16; 3949,09 ; travel ;TAMETSI BAIULUS ARMARIUM.
Ms. Shari Jaskolski;12-24-2023;1188.70;Health;Bis verecundia deduco terra tamen.
bobby bauch;2023-12-23;6153,07;Food;Vigor calamitas abstergo incidunt iste.
manuel hansen;10-21-2023;3530,18;Office; Tunc amo denuo candidus. 
Elisa Walsh;2023-01-07;692.99;TRAVEL;auxilium excepturi una conatus sublime eveniet tamen stillicidium magni aranea.
ELIJAH DECKOW;2023-06-10;4556.50;Other;cornu depono tardus coerceo vesper aliquam tantum caritas.
  jo hermann  ;12-18-2023;5444.41; Travel ;Unde quo cimentarius accusator a enim comis strues vere facere.
  MS. GAYLE ZIEMANN  ;2023-06-20;5409.93; health ;Aufero claustrum repellat.
Ora Bashirian;2023-05-07; 149.84 ;health; Spero vereor amita conscendo. 
  Francis Lueilwitz-Baumbach  ;18/12/2023; 971.38 ;Travel;Conservo tubineus sublime sublime.
  Dave Tillman  ;8-28-2023;2987.09;FOOD;Angulus clam vilicus cohaero.
Melody Smitham;2023-02-13; 3314,98 ;Office;DECERNO ABDUCO CASSO QUAERAT COMETES AMPLUS AMPLUS CONCIDO.
Dr. Fred Raynor;5-29-2023; 7506,14 ;Office;Stabilis thymum exercitationem.
  kathy ruecker  ;2023-10-06;9261.04;Other;Decor vulpes despecto una aspicio aliqua.
Mr. Johnathan Corwin;2023-06-12;1719.11;HEALTH;Corrumpo utor defungo vicissitudo avarus vaco eos.
  carolyn heathcote  ;2023-07-30; 9249.13 ;Other;UBERRIME ADULATIO ABBAS TAMQUAM SYNAGOGA COGITO.
christie breitenberg jr.;2023-09-08;7325.30;TRAVEL;cuius defero conturbo super ubi.
LOREN WEIMANN;9/12/2023;1975.21;Other;AUDITOR CINIS DUCIMUS SUMMOPERE CUNAE DEGUSTO CELO DELICATE PATIOR.
hubert hilll;2/10/2023;8490.43; health ;conor somniculosus clementia iusto repellat autus sunt creptio.
  LOUIS FARRELL  ;2023-09-27;2585.13;TRAVEL;Autus verbera speculum virtus aranea amplus.
jessie murphy-rohan i;23/3/2023;8497,40; Food ;Eligendi tactus turbo verbum alter copia bibo apto curis civis.
Jacquelyn Stanton;9/1/2023;2342,65;OTHER;Sustineo tergeo summisse collum defendo delinquo ratione tricesimus desino distinctio.
ROBIN MACGYVER;25/1/2023;1637.98; TRAVEL ;Decet aegre vereor crustulum substantia.
Rufus Von;7-13-2023;7376.22; HEALTH ;Somniculosus quaerat accusator compello ab adduco tripudio.
Glenda Gutmann;7-23-2023;1286.06;Other; Deficio video attero alius videlicet. 
tommy crist md;13/1/2023; 1699.99 ;Travel; Tracto sub cubitum dapifer deficio. 
Robyn Nitzsche;2023-08-23;7100,39;Travel;QUAE AESTAS SOL ATTONBITUS VICTUS ANGELUS ESSE VELUM COMPLECTUS.
COLLEEN BOTSFORD;25/10/2023;4200.91;Travel;Acidus crudelis ventosus tamquam avarus cotidie adstringo.
  christian ortiz  ;2023-10-04;7289.58;FOOD;Vestigium vomito suasoria.
Molly Bruen DVM;2023-03-25;3926,45; Travel ;OCER VINCO DEGENERO ANTEA THESAURUS AUDIO TARDUS TRUCULENTER.
Annie Kling;10-6-2023;4459.01; Food ;Quaerat cultura turba corpus suffoco ulterius cenaculum.
Mrs. Christie O'Kon;11/3/2023;1956.38;Health;ara theatrum celebrer.
Edith Jacobs IV;2023-11-12;8105.13; office ;vulpes suspendo molestias enim vado ademptio color fuga deleniti vester.
  Mary Stanton-Romaguera  ;6-1-2023;2836.33; TRAVEL ;Aufero arto cogito.
  Amelia Kling  ;8/6/2023;996.20; Travel ;Tergum tepesco deserunt.
ELVIRA SCHULTZ;6-17-2023;2002.78; food ; Delicate adficio non architecto paulatim auctor degusto. 
bob nitzsche;4/1/2023;1877.59;Other;CUSTODIA CORRUPTI VEL CORNU DEFERO BEATUS SPIRITUS TUNC DEFERO CITO.
  Clifton Romaguera V  ;2023-04-28;1837,91; OFFICE ;Vulgaris ducimus dolor aliqua.
  alexis weimann  ;2023-05-14;2266.20;Office;Solium calculus attollo apparatus stella corona undique.
  Tracy Hamill  ;31/3/2023;5862,03;other;Thymum cui colo totidem excepturi deserunt abstergo textus amplitudo.
Guy Purdy;9/5/2023;9885.07; Other ;capto fuga libero enim desolo ex doloremque aspicio.
  Oliver Keebler  ;18/7/2023;3508.02;Travel;Aeger traho viriliter tubineus cotidie cruentus creptio cursim vigor ago.
Hazel Nicolas;4-24-2023;1455,65;FOOD; acquiro quisquam viduo bestia abbas aqua. 
karen mccullough dvm;3-7-2023;8306.69;Other;Conforto decor theatrum audeo vorago voluptas.
Paul Cremin;9-2-2023;4923.89; travel ;SOPHISMATA CURSUS ARCUS TERO ACERBITAS.
Mr. Johnnie Hirthe;22/9/2023; 3234.15 ; Health ;Benevolentia statua cunctatio temeritas iste ustulo terga appositus adicio collum.
amber moore;13/10/2023;6925.27;food; Sopor defluo possimus vigor tristis tutamen utroque territo. 
  Luke Wilkinson  ;5/11/2023;5293,43; Health ;Summisse bellum deorsum confugo.
Chelsea Lynch;7-3-2023;9503.29; Other ; Deludo nam rerum truculenter adulescens caelum quaerat suppellex. 
jacob wunsch;10-16-2023;2588.94;Office;Caput ciminatio aperio.
jerome batz;1-8-2023;4188.57;OFFICE;Thorax textus tersus ante est.
DWIGHT PAGAC;25/5/2023;9507.06;Health;AMITTO VESPILLO NON CUPIDITATE ARANEA ABSQUE.
  Michael Swaniawski  ;2023-12-30;7930.50;Travel; Calamitas admiratio praesentium contego acer solitudo pauper. 
Priscilla Greenholt;2023-03-27;4464,77;Health;Clamo degero crux alius amicitia.
freddie hansen-miller dds;2023-02-28;6987,66;Travel;Copia cotidie voco civitas accusator labore deficio spargo cursus curso.
marlene greenholt;12/5/2023;5511.32;other;Ter cernuus ventus colligo venustas ulterius catena commodo tamquam benigne.
Lance Dicki-Brown;20/7/2023;6089.41;health;VENUSTAS VITA CELER ACSI VEHEMENS STIPS QUI CULTELLUS ADULATIO VACUUS.
angelina hoeger;9/1/2023;3762,28;Food;Nesciunt traho attonbitus labore ager valde.
Priscilla Hoppe;3/5/2023;1693.88;Food;Vilis impedit a demulceo a corpus aqua.
Elias Beahan;2023-04-25;2314.68;Food;quos aequitas iure.
Timmy Kuhic;2023-01-06;6597,34;Food;Undique coepi curvo amicitia adipisci vitiosus surculus socius.
Marcella Walker;1-31-2023; 6758.86 ;Health;Commemoro tabula conspergo capio aveho custodia venio tergeo.
LOWELL BOYLE;23/2/2023; 3549.61 ;travel;velociter corrumpo tardus communis animus optio.
Cecelia Shanahan II;2023-04-10;175.48;OTHER; Confero tabernus abbas. 
Johanna Miller IV;2023-06-10;8866,25; Other ;COHAERO BEATAE CORRIGO DENIQUE ASSUMENDA CUBO.
lena mccullough;1-3-2023;5626.76;Food;pectus bibo veniam versus vulnero vomica depereo thesaurus.
crystal spencer;5-23-2023;7016.28;Food; CURTO SOPHISMATA ATTERO OPTIO TACTUS. 
Scott Stoltenberg;4-18-2023;5542.26;travel; Vicinus abduco utilis spiritus bellicus sub caveo. 
Micheal Heidenreich;7/10/2023;4787.06;other;Curso tres aegre doloribus antepono synagoga civis tubineus tabella provident.
Lana Shields-Roberts;4-11-2023; 5016.03 ;TRAVEL; Claro dolorum coerceo eius angustus. 
MELBA PADBERG;10/11/2023;2895,57; OTHER ; Caste canis delicate. 
Patricia Witting;2023-07-17;6659.71;Office;Cogo sophismata aufero dapifer arma calcar decor cunae umbra.
Morris Vandervort;17/10/2023;9013.55;Office;Complectus talio ipsa viduo animi atqui modi dicta ultra aperte.
  Lindsey Windler  ;8-13-2023;4543.18;food;Titulus vox constans sollicito tempore consequuntur admitto subiungo.
Lisa Casper;5-17-2023; 2510,68 ;Office;Tergo calco canto adopto agnosco adaugeo tametsi ultra abundans pecco.
abraham champlin;12-5-2023; 3981.12 ;office;assentator illo unus stabilis.
Katie Tromp;1-23-2023;9857.96;Health;Verumtamen cibo altus volo comminor vado.
  jessica predovic  ;2023-05-30;9694,39;OFFICE; talio vicissitudo verbum adflicto valde audax decens. 
dr. ellen terry;2023-02-16;3594,15;health;Baiulus acer atqui.
dave hickle;2023-08-04;5025.88;TRAVEL;Summopere concido bonus considero candidus communis.
Ralph Osinski;2023-04-14;5749.10;Food;Corrigo crinis custodia color auxilium amor.
Monica Okuneva;10-20-2023; 3905,83 ;Food;depono arbor vesco carus derelinquo absorbeo.
  TOMMIE SCHULTZ  ;10-18-2023;8256,54; other ;Teres fugiat vapulus textor.
  mattie mante  ;5-31-2023;1492.60;Health;Caput demulceo thorax amoveo torrens vilis vox amplitudo accendo.
Faye Kovacek V;21/7/2023;9475,66; Health ;Caput ullam teres alienus derideo vestrum.
KRISTINE STRACKE;2023-12-20;2198.74; Travel ;concedo tactus viridis acsi odio accedo cui vilis impedit adipiscor.
Maurice Ondricka I;2023-12-06;8354.52;other;Consectetur curiositas annus calcar valens molestiae thymum.
Rufus Luettgen;8-30-2023;2450.43; travel ; velit tersus casso tribuo comes accusantium. 
Ms. Ramona Bechtelar;2023-05-08;4353.02;Travel;CONSEQUUNTUR VITO DOLORIBUS CORPUS ASSENTATOR COMPONO EIUS.
Percy Reinger;3/2/2023;3554,39;food;APPROBO CURATIO CUNABULA ADMINISTRATIO.
Russell Dicki;5-13-2023;2137.41;Food;Sum laborum dolor deludo paulatim corrupti.
Kim Nikolaus;2023-12-10;2600.35;other;Depopulo cattus sono ago decimus.
saul purdy;30/3/2023;6637.39;TRAVEL;Caelum audentia conatus statim ubi.
LEO SCHOEN DDS;10-24-2023;1604,37;Other;adversus repudiandae curiositas benevolentia cumque.
TERRI HACKETT;2023-12-18;483,60; HEALTH ;THEATRUM TYRANNUS DEFERO.
Andres Wunsch;9-10-2023;5726.15;Health;ARCA ARMA VITA.
Doreen Lubowitz Sr.;31/5/2023;4197.04; Travel ;Degenero arceo contabesco curtus vos libero.
Ms. Bessie West;3-27-2023; 9238.30 ;OFFICE;Assentator tam vulnus bonus demum ars dapifer sursum enim deficio.
Ms. Jackie Roberts;7-13-2023;7750.13;Food;Sol damnatio sit ulciscor solvo denuncio defero doloribus aut thermae.
Brittany Bahringer;2/8/2023;796,71;Office;custodia videlicet damno studio aer thermae quis.
Misty Pouros;1-27-2023;1068.98;food;Audio curiositas dolore.
clark ondricka;26/10/2023;2021,78;Travel;tabesco adulatio suscipit.
Marguerite Bahringer;6-25-2023;1492,81;Other;Damnatio at ceno adduco claustrum varius volup.
Miss Holly Bernier;26/8/2023;4237.44; Office ; adfectus ipsa cruentus cubicularis. 
Albert Jones;5/10/2023; 8912.25 ;Other; Depulso quibusdam cavus. 
BERNARD GOTTLIEB;2023-11-17;7600,38;Food;Aptus adimpleo conduco viduo absens assentator tabernus tunc terror.
Mathew Osinski;9-14-2023; 2672,62 ;Other; Ater deputo absconditus quae vulariter soluta. 
  Nadine Homenick  ;2023-06-08;8836.15; Other ; Pax pecco clam animadverto video viduo nesciunt. 
Fernando Bruen;2023-12-28; 6806.73 ;Food; Subvenio coadunatio itaque comis vulnus. 
Leroy Morar V;8-26-2023;211.57;Health;certus alveus soluta venio cado summopere sodalitas.
Tina Powlowski IV;4-24-2023; 3494,03 ;Health; tot conduco delectatio in enim tener aequus torrens carbo. 
Antonio Orn;2023-04-01;7230.97;HEALTH;Vox caelestis tametsi voveo consectetur.
rudy boyle;2023-12-01; 4730.02 ;Health;Vindico sequi antea.
Gertrude Upton;7-25-2023;9295,59;OFFICE; Apud vitiosus caterva condico ars aureus creator supellex. 
Virgil Braun;9-18-2023;884,07;Travel;VESICA VILITAS TRACTO TENAX DEFLEO SUBLIME EXERCITATIONEM CUPIDITATE CONSIDERO DAMNO.
KARL HARRIS;2023-09-26;5360.59;TRAVEL;Tantillus alter tabula aeneus bonus accusator suffragium somnus.
Santiago Halvorson;5-11-2023; 7340.31 ; Travel ; APTUS CETERA SUBSECO. 
Cary Leannon;7/10/2023;1668,41;Other; sollicito unde vigor. 
Lawrence Franey MD;23/8/2023;1717.27;Health;Deprimo tonsor peior.
jenny miller;3-3-2023;984.40;health;Ea tergo consectetur utrimque non argumentum fuga tredecim.
Kristi Rolfson;2023-02-03; 5711.16 ;Other;Tui suus ea certus una teneo collum caterva tondeo.
Roberta Jakubowski-Thompson;8-8-2023;9406.39;Other;ante vulticulus curso depraedor damno comitatus ceno surgo.
Dr. Tonya Dickens;23/6/2023;8624,03;Travel;Abscido demitto custodia ventus bos vis nobis.
Cameron Kassulke;2023-05-04;5413.71;Health;Cognatus cenaculum verbum arcesso aptus vir quis.
Arnold Lubowitz;8-31-2023; 3978,33 ; Travel ;COMPONO TEMPLUM DEMONSTRO AVERTO.
Dan Kub-Prosacco;10-9-2023;8706.57;OTHER;TEREBRO SUPER CONTIGO CONOR MOLESTIAE APERIAM SOLUM.
Glen Prosacco-Bergnaum;2023-04-13; 8232.19 ;Other;quia utrum curatio vomer temptatio arguo tergiversatio acervus utilis at.
Emma Mayer Sr.;29/4/2023;9329.81;Food;Quas coepi amaritudo voluptatem chirographum vacuus temporibus succurro nisi.
  BRENDAN STOLTENBERG  ;3-21-2023;6373.94; Office ;baiulus coepi theatrum civis adflicto.
Dr. Mindy Blick;26/6/2023;8466.04;OTHER; Consequuntur approbo accommodo sursum vito vespillo amplus. 
Elijah Beatty IV;19/2/2023;3027.18;Other;Tumultus ait temeritas autus utor.
JONATHAN COLLIER;2/11/2023;2951.49; Other ; SUFFRAGIUM ATTONBITUS AGGREDIOR ACERBITAS. 
Holly Robel;11-2-2023;9985,12; Other ; avaritia amiculum dolor aliqua. 
MISS PENNY ZIEMANN;2023-06-18;8482.51;HEALTH;Stella porro cibus cotidie.
damon heidenreich;17/11/2023;7902.96;OFFICE;COMITATUS AVEHO DELUDO STABILIS DEFENDO.
Roland Cruickshank;11-5-2023;7503.62; Food ;Dedico velociter curiositas sto perferendis desino deludo timidus tabesco.
iris pouros;2023-03-21;7504.48;Other;Vis numquam peccatus.
DIANNE BLOCK;27/3/2023;6219.94; travel ;repudiandae degenero labore vomer appono vulariter tonsor.
Herbert Schinner;2023-05-25; 6126.62 ;OTHER; TRES TABELLA UNDIQUE DEPROMO VALENS. 
Freddie Fay;8-15-2023; 7057.49 ;Office;Tantillus defaeco calco abeo voco avarus contabesco attero uxor.
EBONY BREITENBERG;15/12/2023;2825.32;Food;Pecto arcesso delibero.
  Oliver Lueilwitz  ;15/10/2023;6920,72; health ;Brevis considero solutio claustrum admitto totam defungo torqueo.
tonya jast;27/8/2023;5152.72;Health; Urbanus aperte pecco cupiditas creta curto substantia. 
  Miss Robin Stiedemann  ;1-6-2023;9803.97; Other ;Placeat autus adinventitias sto tenetur cauda vulgivagus agnitio deleniti.
Winifred Schamberger;19/11/2023; 6259.25 ;food;Timor desidero perferendis vestrum suscipit tabella amor videlicet cubitum.
  Mack Vandervort  ;2023-05-02;39.40;Office;Ustulo bene vulgus amplitudo ex ascit custodia.
Jordan Swaniawski I;4-22-2023; 9381,33 ;TRAVEL;Sponte comminor conturbo.
Susan Schaden;1-16-2023;2002.70;Office;ACCUSAMUS CLARO CAMPANA VIRGO VELUM.
Carlos D'Amore DVM;2023-07-13;4899.71;OTHER;Enim trans communis accusamus ut sunt varietas ciminatio ab.
Barry Schmidt;11-26-2023;5994.57;Food;Ipsam tersus caveo nihil suggero subvenio corona.
  JACQUELINE WISOZK  ;2023-03-25;5653,85;Other;Soleo paens sophismata conatus alii.
THERESA KIEHN;8-5-2023;5949.65;Office;VAE VENTOSUS TANTILLUS.
  Dr. Candace Bergnaum  ;2023-01-17;8704.53; Food ;Trepide cometes velum.
Rose Romaguera;9-26-2023;1818,46;Other;depulso absconditus accedo summopere ustilo.
Miss Gwen Rau;11/6/2023;9587.77; Other ;CICUTA TEXTUS QUI CELEBRER THALASSINUS.
VERNON CHRISTIANSEN;2023-02-23;3661,82;travel;agnitio vobis creator tamdiu quidem terminatio atqui crebro.
Danny Considine;1-15-2023;1639.70;Food; Valeo absconditus civitas libero audacia delectatio denique utor aequitas. 
  Janis Veum  ;22/12/2023; 9766,42 ; Other ;sordeo aut veritatis aspernatur amoveo.
shannon haley;23/2/2023;6841.13;Office;Vulpes comis curatio cometes ustulo voluptatibus auditor.
kerry nienow;1-16-2023;7001.53; Office ;Caterva considero debeo.
  Lorene Quitzon  ;9-12-2023;952.88;TRAVEL;Strenuus alii arbitro attero aggero commodo pax aggredior conicio.
miss maureen toy;19/4/2023;4931,70;other;Abundans adhaero atque combibo titulus defleo auctus coadunatio vinculum tandem.
Carole Langosh;2023-10-08;5038.50;Office;Animus urbs turbo adflicto deprimo thesis adipisci.
  Stuart Fadel  ;10-3-2023;1665,18;Travel;Occaecati repudiandae sono venia videlicet stillicidium uter tubineus.
Amber Daugherty;2023-07-24;4140.65;Travel;Adamo perferendis territo culpa averto bis.
  Lucille Barton  ;9-6-2023;9316,48;Other;Thymbra repellat quo vicissitudo campana assumenda arca sumptus.
Dewey Lindgren;2023-03-21; 8134.83 ; health ;Adficio paulatim vinum illum cuius.
Jessie Leannon-Grimes;5-27-2023;919.22;Food;Decimus caterva repudiandae ademptio vesica cogo cultellus.
PETE GISLASON PHD;6-12-2023;6079.65; Office ; Autem articulus tabula alienus tollo natus cubicularis adduco. 
jan runolfsson;27/9/2023; 4916.94 ;FOOD;Deprecator veritatis terminatio quo turpis.
Dr. Nicole Thompson;1-17-2023;6968.60;Food; Labore aequus viridis. 
Mrs. Toni Treutel;12-25-2023;541.94;HEALTH;Angulus suffragium thesaurus suus caute amplus quibusdam succedo aperiam.
clarence murazik-gottlieb;7-26-2023;5721.78;OFFICE;INFIT CORPUS FUGIAT VITIOSUS DECENS CITO AUDENTIA.
  candace stiedemann  ;4-12-2023;3281,56;Travel;Vitae temporibus congregatio umquam vallum utpote.
Holly Grady;9/9/2023;3539.09;HEALTH;Armarium arcus triumphus ustulo viridis.
LETICIA BRADTKE;10-9-2023;9288.28;HEALTH;Placeat arbustum numquam nemo laudantium cultura torqueo advenio quam.
Susan Bednar;29/5/2023;7960,80;Travel;VACUUS CULPA VALIDUS VACUUS AT DEPOPULO DOLORES DEPEREO MODI PAULATIM.
DORIS LESCH;4-11-2023; 6587.07 ;Food; illo angelus officiis truculenter alienus veniam. 
Norma Murphy;9-14-2023; 2681.89 ;Food;cariosus tamquam doloribus volva cunabula sollicito vere pel patrocinor.
Marsha Greenfelder I;8-5-2023; 5059.73 ;Office;repellat varius viriliter defluo necessitatibus tolero.
  Angie Beahan  ;29/4/2023;5373.80;food;Totam ustilo astrum textor pecus accusantium.
Winifred Bradtke;2023-09-10;325.18;health;Supellex necessitatibus clamo vado tamen cuppedia cuius acies.
Lana Haag;5/5/2023; 5672.42 ;OTHER; cognomen censura surculus suasoria. 
  DANIEL ANKUNDING  ;8/10/2023;3447.68;office;Spero turpis amoveo subito comes.
  Ian Gutmann  ;2023-06-09;9229,83;Food;In ipsum adficio basium communis vetus possimus conscendo repudiandae.
Lorene Howe;8/7/2023;6058.01;Health;Stultus cupiditate eum vero bellicus id arx antiquus ipsa.
MAE GUTMANN;2023-01-29;858.77;office;Sto demitto vel valens.
april mccullough sr.;2023-12-13;7284.18;Office;Villa nesciunt contabesco veritatis delectus cito ipsum.
  FELIPE FAHEY  ;4-7-2023;8070.54;Office;Alias charisma cunctatio teneo numquam capitulus supplanto.
Marco Graham;2-22-2023; 9819.78 ;Food;Corporis ustilo suppono tergiversatio statua assumenda arcesso spoliatio bellum cunctatio.
MR. DALE LEGROS;1-7-2023;734.01; Office ; ACCUSATOR VIA AUDIO UBERRIME IUSTO CURTUS CANDIDUS DEMENS. 
  inez rolfson  ;2023-07-21;4170.98; FOOD ;Tepidus verbera verecundia caries adstringo id bestia theologus comitatus architecto.
Tim Carroll;3/2/2023;474.42;Office;sufficio adfectus cohaero defendo autus vacuus.
Everett McClure;1/1/2023;4566.24;Travel;Reiciendis damno valens strenuus.
Dr. Paul Swift;2023-08-25;6391.14;Health;Defluo tergiversatio cum carpo accendo minus tenetur facere eveniet.
  Miss Daisy Rosenbaum  ;5/3/2023;8007,69;Health;Aequitas alter aedificium maiores celebrer corroboro veritatis cariosus.
johnny cronin;4-16-2023;9962.65;Travel;SPECTACULUM DIGNISSIMOS CAPTO ADEO CONSPERGO AEGRE.
ms. mamie goyette;1-9-2023;411.45;Food;causa aequitas constans vir voluptatibus valeo acsi sum.
GERALDINE WOLFF;8-12-2023;3832.05; Other ;CERTE ADMINISTRATIO ARANEA ISTE SOMNUS TOLERO VOTUM.
Brian Jerde V;1-28-2023;9631,16;Food; Tardus creator benevolentia sapiente. 
Clifton Streich;9-29-2023; 3675.35 ;Health;depereo ea animus tracto acervus tener conitor aliquam crustulum.
  LISA KIHN  ;2023-10-29;2375.77;Food;Vulgivagus enim arbor caelum corrigo ager.
Samuel Hammes;21/11/2023;6002.06;Other; Videlicet caste unde tempus. 
  Dawn Raynor  ;3-1-2023;8180.70;Office; Recusandae cupiditas crepusculum aestus consequuntur quis adsuesco casus terra. 
Luke Kunze-DuBuque;1/8/2023; 6841,75 ;other;Vulpes barba aequitas admiratio balbus vereor.
Dr. Reginald Schuster;9/4/2023;5265.67;travel;Tenetur stabilis quia celo pecto deludo enim enim ipsa.
Janie Runolfsdottir;3-2-2023;2087.37;food;ADEPTIO DEPORTO TERGO DAPIFER TOTIES.
Catherine Rosenbaum;2023-02-04;2831,79;other;mollitia dignissimos ullus.
Hope Douglas;12-12-2023;8292.03;Office;EVENIET MOLLITIA COLLIGO DIGNISSIMOS CUPIO.
Faith Quitzon;6-5-2023; 5802.92 ;Food;calculus cilicium eum in angulus cubo consequatur curso totidem iusto.
Kendra Terry;2023-08-06;5342.04;office;Aer alias addo aperiam territo magnam capillus circumvenio tolero.
  Warren Quigley  ;11-14-2023;2995.64;Office;Truculenter comprehendo utroque occaecati.
Ricky Skiles;22/6/2023;3289,60; Other ;Testimonium voluptatem supra speculum thesis toties aiunt ater.
dianne stehr md;11-11-2023;2083,36; Travel ;Comprehendo soluta patria.
  Luz Moen  ;19/1/2023;5539.82;HEALTH;Crinis utique veritatis ut.
LEVI LEANNON;21/7/2023; 2382.15 ;Travel;Summa accusamus eos audentia conspergo terminatio.
opal anderson;26/2/2023; 870.94 ;Office;comedo nemo campana vapulus comminor peior adamo utpote arma arcesso.
Ramiro D'Amore;2023-10-17;1009.13;FOOD; aliquid caecus tenus laboriosam subvenio. 
leonard ratke;16/1/2023;7257.24; travel ;Sequi talio voluntarius maxime currus aestivus ager in agnitio.
Deborah Lesch-Kuphal;26/10/2023;1494.81;Travel;Speculum cruciamentum ars.
Mr. Matthew Fisher;11-10-2023; 8124.49 ;TRAVEL; VAE DEMULCEO ODIT ALII VARIUS VULPES SOPOR VETUS. 
  willie abbott  ;14/5/2023;7169.85;Food;Incidunt theatrum capto tribuo caveo victoria cupiditas.
jimmy cole;2-10-2023;4123.10;Food;Quisquam cado cinis cunctatio aufero urbs.
Frank Larkin;9-5-2023; 2563,82 ;OFFICE;Utpote illo tamisium quas avarus nulla beatus cibus.
Paulette Terry-Kreiger;12-12-2023;3666.65;travel; SINT CALCULUS DISTINCTIO TRUCULENTER XIPHIAS CAUDA IUSTO BENIGNE. 
Pam Hyatt;2023-12-11;6677.07;Travel; Quia sollicito temeritas avaritia taedium nihil alo claustrum teres altus. 
Pedro Jast;8-6-2023;982.21; Food ; Veritas coma vero sumo summopere abbas trucido. 
Harvey Denesik;29/6/2023; 1306.45 ;Food;comminor defero asper.
  Douglas Friesen  ;2023-05-13;9010.04;FOOD;VERTO BLANDIOR CENA CONFERO.
Darrell Rogahn DDS;26/12/2023;6490.43;Health;BEATUS VERBERA NOSTRUM QUAE.
Dr. Krystal Padberg;5/9/2023; 5525.53 ;Other;vomito veniam tepidus vomer carus ubi.
Rogelio Ebert;5-20-2023;3432.02;health;COLOR TABESCO SED CRESCO MOLESTIAE SUM.
  Lillian Bednar  ;2023-04-29; 251.50 ;OTHER;ANSER SYNAGOGA INVENTORE.
Leslie McGlynn;14/3/2023;3970.48;office;Quisquam summisse vel.
  Miss Susie Crist  ;6-12-2023;3977,52;OTHER;Tempore ventosus spiritus amplitudo cernuus.
  nichole bechtelar  ;2023-04-29; 7974.67 ; Travel ;INFLAMMATIO ABSCIDO NOSTRUM TOTAM AB TERMES ANTEPONO CONICIO.
Lorene Upton;2023-07-04;7118.58;travel; SODALITAS DESPECTO CARCER ADSIDUE. 
  MARCIA ROBERTS  ;2023-11-20;3937.26;food;Capitulus decumbo laborum copia tutis.
Dianne Kulas;4-29-2023;923.23;Health;Tunc templum debeo cum itaque.
AMANDA GERLACH;2023-04-09;3520.32;Food;Ustulo demo caput vergo perferendis.
  Dorothy Johnston  ;9-2-2023;2150.67;other; Corporis delego textilis peccatus. 
MOLLY KUTCH;7/10/2023;3907.36;Travel;Vicinus temeritas supra quisquam vesper alius.
  Dr. Alejandro Hammes  ;2/7/2023;4863,15;Other;Urbs supellex culpo deripio cauda concido suppono taedium trado virga.
Kristina Fay;3-12-2023;7948.32;office;Asper solum calamitas cito agnitio.
Cornelius Towne;4-21-2023;6397,56; Other ; Tunc ulciscor delinquo trans taedium ulciscor teres. 
Dixie Jakubowski;2023-08-13;1803.24;travel; Arto aequitas beatae. 
  Dr. Roland Quitzon  ;1-12-2023;1961.56;FOOD;Suscipio acquiro pauper volo temeritas tempus crepusculum armarium quia.
Deanna Kihn;7-29-2023;6375.19;travel;Sum spes taceo demoror collum alveus agnosco defessus quod vinculum.
HARRIET EFFERTZ V;27/3/2023;9423,33; Office ; Somnus tamdiu vociferor arceo. 
  Kristy Bashirian  ;9/4/2023;9669,17;Health;DEINDE COMPELLO ADMIRATIO ASPERIORES.
  Lorene McLaughlin  ;2023-01-19;657.97;Other;Caste pectus beneficium barba vir.
Sophie Feil;2023-06-30; 743.50 ;food;thesaurus accendo supplanto ocer trucido.
Wesley Davis;1-1-2023;4624.34; Travel ;Ceno conatus culpa caecus certus tempora cattus.
Kathryn Gutmann;3-12-2023; 2872.78 ;health; Adversus thermae aurum adfero aureus. 
  Naomi Douglas  ;23/4/2023;10,66;Travel;Vulgivagus conturbo vae cohaero vociferor testimonium contigo.
Edith West;11-29-2023;3292,78;Office;conicio ater desipio certus demum atque pectus vito porro.
Geneva Stracke;2023-07-01;5025.56; Office ;Campana vitium adamo utilis cubo.
Teri Conroy;9/6/2023;2739.18; HEALTH ;Vere altus sto tersus facilis aggredior.
Mrs. Samantha Pfannerstill;18/12/2023;7614,14;Travel;Totidem curriculum cavus quam utroque eius defungo.
faith reilly;3-5-2023;202.45;Travel;VOLUPTATES XIPHIAS TENUIS CICUTA ULTRA TYRANNUS SPARGO.
  Archie Schoen  ;9-7-2023;2434.09;Travel; Demo capto animus vinitor voluptatum. 
DOYLE QUITZON;1/1/2023;9090.59;Food;arto coruscus dolores agnitio delego.
beatrice rutherford;2023-09-07;4979.30; OFFICE ;Universe arca vicinus aliquid ascit spectaculum commemoro abeo candidus bibo.
TOM SPENCER;23/10/2023;6071,71;OTHER;VARIETAS AVEHO DELEGO UTRUM DEBILITO SORTITUS IN ACSI.
  VICTORIA ARMSTRONG  ;4/2/2023;7624.15;health;ADAUGEO PAUPER REPELLENDUS VILLA.
Fred Torphy-Luettgen;2023-12-06;6159,84; OTHER ; coaegresco natus facere antepono ater aequitas. 
Delia Parker IV;5-1-2023;4255,37; HEALTH ;Causa ara tenax tenetur defero curvo celer.
JOHNNIE DICKENS;10-12-2023;3737.05;Other;Amet culpa aufero thesaurus ver texo victus.
Vivian Gottlieb;9-9-2023; 2750.25 ;Travel;attero cetera curiositas sordeo aestas clementia campana.
SONJA HALVORSON;3-26-2023;7204,52;OTHER; ABBAS OFFICIA BREVIS SOPOR. 
Santos Turcotte II;22/8/2023;3588.99;travel;Valens speculum vester tertius adstringo.
Darrell Wilderman;2-6-2023;4463.36;Office;sapiente comis summa defendo despecto mollitia.
miss margie dickens;1-25-2023; 4406.90 ;HEALTH;COMMODO VINITOR DEMITTO ALIQUID CREPUSCULUM TALUS IPSA.
  tom tremblay  ;2023-08-24;4103.80; Health ;AMISSIO NEMO PAENS CREPUSCULUM.
  Justin Klocko  ;2023-09-21;2585,95; Health ;Cado tenus antiquus apostolus velum varius.
Gladys Watsica;8-5-2023;5462.52;other;Numquam alo coadunatio dicta.
Mercedes Harvey;2023-12-04;7139,00;TRAVEL;Claustrum una titulus aeger synagoga supellex anser vel agnosco.
ms. claire brown;2023-07-24; 9071.37 ;Other;ULTIO ENIM TERES AER REPELLENDUS ARTO TANTILLUS ANTEPONO DEMONSTRO BIS.
Renee Jakubowski;2023-01-30;9278.86; OTHER ;Explicabo aspernatur desipio turbo textilis chirographum.
Opal Bahringer;8-3-2023;6248.32;Food;Vae spiritus cognatus substantia quo adsuesco.
JOHNNY KOEPP;2-22-2023;8161.60;Health;Truculenter utilis esse adsuesco consectetur ipsa defaeco.
Fernando O'Connell;20/1/2023;6309.34;Travel; Suffoco reprehenderit uberrime astrum ubi adiuvo casso succurro. 
Ronald Grimes;12-27-2023; 9730.04 ;Health; UTRIMQUE TRAHO CRIBRO ALIQUA. 
Cedric Tillman;2023-09-04;7606.10;Other; mollitia turpis consuasor curtus creator torrens civitas. 
  Wm Dibbert  ;1-23-2023; 9193.17 ;TRAVEL;Audeo absens repellendus defetiscor.
Benjamin Little;7/10/2023;9362.28;Food;Sollers contra ab vero aer demonstro asporto uredo ullus.
Steven Blick;5-11-2023;2745,01;Other;compello calculus attonbitus pel delego minima subvenio advenio tego.
MATTHEW ZIEMANN III;23/11/2023;550,14;Food;Labore quidem antiquus.
  dr. david gorczany  ;11-14-2023;2455.39;office;Atrox peccatus curis ceno contabesco nobis voluptates audentia arbitro clibanus.
Sherri Hintz;1-19-2023; 786.25 ;Other;Cultellus truculenter cura solum spero.
  Mercedes Kling DDS  ;2023-10-12;4939.95; Travel ; Similique decet patior optio. 
Pam Kuvalis;3-7-2023;107.53;Travel;vallum cicuta combibo solitudo audio aegrotatio claro capillus dolore.
Lonnie Romaguera;2023-12-06;7387.16;Health;FUGA ANTEA CURTO PECTO.
Jose Abshire DVM;11-20-2023; 4329.76 ;Other;Id corporis voluntarius culpo taedium sono vesica.
Percy Lebsack;9/8/2023; 9329,98 ;HEALTH;DELECTUS BENEVOLENTIA TOT CENSURA QUOS VESPILLO VORO THEATRUM DELEO ULLAM.
eduardo cummerata iv;6/1/2023; 6828.50 ;food;admoneo ancilla modi aegrotatio sustineo aestas.
  dixie murphy  ;30/11/2023;7706.23;Office;Dolorem aurum subvenio assumenda ea angustus deduco delectatio.
  Nadine Miller  ;2023-07-26; 1779,31 ;food;ASSUMENDA CASSO STIPES AVARUS BELLUM TANTILLUS DEPOPULO STELLA TURBA.
Daryl Bergstrom;9-13-2023;8686,44;Travel;Concido asper confugo vinco textus pecus confido undique.
RITA NOLAN;2023-07-25;772.60;Office;BARBA UTER ID UMQUAM SOPHISMATA ISTE ALIQUA CIMINATIO THESAURUS.
Guillermo Bode;2023-04-05; 2655.78 ;health;Tres addo correptius caput.
ERICK TERRY;4-13-2023;8892,03; Office ;at sumptus adicio desparatus solitudo.
Annette Weimann III;2023-10-22;2908.46;other;Bestia volubilis argentum.
ALMA CHAMPLIN;2023-09-28;8292,02;OFFICE;Constans voluptatem avarus tergiversatio vociferor culpo tempore vicinus admitto.
  Clinton Sporer  ;16/4/2023;3524.37;Other;Defungo toties solio quidem inflammatio earum suscipit.
Leslie Kunze MD;21/4/2023;2908.24;Office;Voco cornu ait vito solitudo solum patria attonbitus.
Marguerite Anderson;17/1/2023; 8394.88 ;OTHER;Administratio cruentus eligendi attero adstringo curriculum deputo venia supra thymum.
Freddie Pouros;2023-05-15;2317.38;TRAVEL;Atavus ipsa venio succurro terebro cupiditas.
Lynda Senger;6-2-2023;4580.87;health;Charisma coma ut soleo vorago amplus vigilo corrumpo autus denego.
Cesar Reinger;16/7/2023;3711.55;HEALTH;Suffragium acies avaritia acidus vigilo adulescens.
mr. jackie moen;3-17-2023;5113.73;Health;Vilitas cena tabella pax tremo summisse video circumvenio voluptatibus ut.
Miss Gail Harris;2023-03-25; 730,99 ;Health;Apto vinculum voluptates crustulum quam conventus torqueo consuasor ocer.
Robin DuBuque;31/1/2023;8594.52;Food;TERGO ALIQUAM BIS CERNUUS CRUENTUS VOLUPTATIBUS COMMINOR TANDEM AMITA CREBRO.
Lauren Herzog;2023-11-22;6272.83;Travel;ASTRUM VALETUDO ASSUMENDA EOS ARBUSTUM DEBILITO ARBITRO TUNC IURE.
Orlando Monahan;7-3-2023;7478.58;Food; Denuo cui validus aeternus alius adiuvo colo volva tabella. 
  Ms. Lynne Nolan  ;27/1/2023;2759.05;Food; timidus beatus tamen tergo confido. 
Lamar Smitham;15/9/2023;1073.05;Office;VOMITO USUS SURCULUS CREBRO CONQUEROR.
CASEY BAUMBACH-FRANEY;25/1/2023;2249.57;Other;Canto coniecto velit.
Chester Rohan;4/12/2023; 9933.53 ;Health;nemo vita totam centum.
rufus bartoletti;22/6/2023;5151.06; Health ;EXCEPTURI AMOVEO USTULO DELECTATIO COAEGRESCO FACILIS DECET CEDO SURGO.
donna nikolaus;21/7/2023;8697.00; HEALTH ; pectus vae similique accendo laudantium debeo sumo. 
Cameron Christiansen;2023-07-10;9162.73;food; Testimonium adficio voro amet sophismata a comburo amplitudo conqueror. 
  Angel Shanahan  ;2023-11-02; 7426,76 ;other;Praesentium cruentus vulgus villa cinis confero totam depraedor coepi.
Mathew Stracke;11/6/2023;9653.08;Travel;Deorsum viscus cuppedia demonstro.
Sophie Ebert;10-14-2023;6907,39;Health; Quos talus denego fuga. 
Mr. Pete Donnelly;2-9-2023; 6777,24 ;Other; Adulatio advenio abundans cruentus succedo vilitas atrocitas. 
marcia hilpert iv;2023-11-15;6836.57;health;cito capillus crapula antea audentia.
fred borer;2023-04-09;2459,91;Food;Apud audax sapiente subito denego compello animi deleo auctor.
Dr. Denise Williamson;20/7/2023;1214.48;food;adfectus celebrer apparatus aegre admitto ars tabula appositus substantia.
Elbert McClure;21/12/2023;5200.04;OFFICE;nihil convoco natus talis.
Dr. Courtney Satterfield;2023-10-11;3387,87;Other;Vita vergo deduco ab anser bis usus.
Helen Homenick;10-14-2023; 2223.36 ;Health;Antepono umbra suasoria aspernatur ex textus amoveo.
Simon Parker;1-19-2023;6646.10;Travel;adulatio quae debeo.
rachael treutel;29/3/2023; 2487.26 ;Travel;Convoco suggero apparatus peccatus.
Stanley Gleichner;2023-09-28;5419.46;other;unde esse itaque aggero cibo suppellex solvo delibero ad.
mrs. louise kassulke;2-23-2023;8878.53;TRAVEL;Velum suffoco cenaculum amplus tubineus.
Oliver Boyle;7/3/2023;1419,01; Office ;Hic stips tandem apparatus angustus.
Debra Kihn;4/5/2023;5723.49;TRAVEL; SUBSTANTIA ASCISCO ADDO UNIVERSE VOMITO. 
  Kerry Kessler  ;2-3-2023; 5853.30 ;Health; Coepi bellum sperno bardus vester dedico ustulo. 
BRYANT ORTIZ;20/7/2023; 2743.63 ;Health; DEGERO QUISQUAM UTER ADMOVEO. 
Dean Cummings;6/3/2023;2073.50; Office ;DIGNISSIMOS ADFECTUS TRICESIMUS CUI COMETES VICISSITUDO EVENIET.
Kyle Cassin;10-15-2023; 7690.51 ;Office;Curriculum terminatio cur strenuus adulatio vorago crur triduana.
Heather Lakin;2023-12-21;3882,27;Food; Testimonium eos auctor audio repellendus dedico nesciunt. 
Dr. Henrietta McDermott;2023-04-09;1258.75;Food; Venia balbus stips subiungo consectetur amitto titulus. 
HOLLY VON DVM;11-13-2023;7906.77;Other; verto terebro denique stultus trepide. 
Alma O'Conner;2023-05-21;987,05;Other;Sit thymum stips patria culpa veritatis.
Bridget Champlin;2023-10-03; 9147.17 ;Health; Asper decerno atqui abscido thymbra suffragium caelum casus tabesco. 
dr. alexis heidenreich;2023-01-11;9107.49;Food;Stillicidium canonicus tego cunabula alter.
RAFAEL CONN;2023-04-22;4904,73;Health; Curso vos careo voluptate stella comprehendo. 
RAMIRO FRITSCH;2023-08-30; 1230.35 ;health;VULGO CONOR APERIO SIT DOLOREM TONSOR OFFICIIS TERO STELLA.
joshua schuster md;2023-06-13;739.14;health;distinctio balbus eveniet.
dr. ed hettinger v;7/1/2023;8064.30; Food ;CURIA BOS DELINQUO DEFLEO TUMULTUS VOLUPTATUM CRINIS SPERO.
MIGUEL MAYER;2023-01-19; 3093,64 ;Travel; Color cito claustrum aggero talus. 
  Miss Darlene Senger-Reinger  ;2023-05-15;6238.82;Food;ASPERNATUR AEQUUS ESSE AEDIFICIUM CONVENTUS.
Joel Haley;11-17-2023;7196.24; HEALTH ;spectaculum nostrum claudeo ante voluntarius denego civis curto caute aggero.
cory little;15/1/2023; 8991,22 ;Other;Ait calco ultra perferendis fugit varietas decens varietas suscipio.
Isabel Treutel;11/5/2023;3620.72; Food ;Cribro sub versus velut talio tantum adstringo.
MS. ANTONIA DIBBERT;4/3/2023;7517.67;Other;VERITATIS PERFERENDIS SUMMOPERE VILITAS ALIQUA SPECTACULUM AUCTUS BESTIA VOLUPTATES VULNERO.
Ms. Brandi Nicolas;5-7-2023;6199.24;Other; illo coepi blandior. 
  Hattie Jakubowski Sr.  ;2023-08-13;6965.10;office;Ultra spectaculum curis conventus constans alienus aperte creo.
beth grant;18/2/2023;7249.03;health;Thesaurus suspendo tubineus ipsum suppellex vulariter degero tenetur.
  dr. irving o'keefe  ;7-13-2023;8341.04;Other;COMA AURUM VERECUNDIA SED.
elbert walter;2023-02-15;3226.43;Travel;Atque considero aut illum tardus aranea argumentum sint.
Dr. Israel Schmitt;4-14-2023;2204.62;Travel; tantum contabesco ullus illo placeat. 
Duane Kulas;2/3/2023;1827.47;Travel;PECUS CURO AUREUS DECIPIO CAUTE ALIOQUI ANCILLA AUDITOR.
  Pete Douglas  ;10/10/2023;6852.85;Other;creptio cognatus eum velit accusamus et aro adinventitias ex.
SONJA GRANT;15/2/2023;5021.40; Travel ;Callide corona armarium quia sustineo vulgus ratione tribuo.
Gustavo Bradtke;2023-09-03;4134.31;TRAVEL; Traho tabgo arcus vilitas. 
Wade Swaniawski;8-7-2023;3792.51;Food;CULPO LABORIOSAM THORAX DEFICIO VOCIFEROR CONSUASOR VINUM.
DANNY GLEASON;12-18-2023; 3578.43 ;Office;ABSCIDO COMMODO AMOVEO.
lynne howe;6/3/2023;5687,77;Health; USITAS TEGO CREPUSCULUM BAIULUS OMNIS BASIUM ANIMI SPECULUM SPECIOSUS TERGUM. 
mona hyatt;2023-11-15;8753.20;Other;UTILIS SAEPE COGNATUS TERSUS.
Carrie Fadel;2023-07-01;5346.87;food; Corona capto defendo angelus sponte exercitationem velociter. 
  sarah corwin  ;2023-11-20;4493.40;travel;QUAM VIRILITER ACCUSAMUS CRASTINUS EXPEDITA AEGRE CURSUS ARTIFICIOSE TONDEO.
calvin sawayn;20/6/2023; 633,24 ;HEALTH;Demoror vitae atque.
Evelyn Braun;2023-04-26;5424.41; OFFICE ; Ventus celer averto copia summa collum ut testimonium. 
Clay Connelly;4/8/2023;5374.93;Food; Dignissimos turba victoria derelinquo bellicus coadunatio studio ceno cunctatio cupio. 
Janie Graham;8-27-2023;217.09;Office; ARMA ASPORTO VEREOR SUPPONO VOLATICUS DEFLEO TENEO DUCIMUS MAGNI VENIA. 
Katrina Wiza;2023-12-01;4903.48; other ;Vulpes textor vergo crux surculus traho ventosus.
  miss bernadette orn  ;15/3/2023;7972,27; Office ; bardus totam debitis. 
Caroline Murphy;6-5-2023;4760.81;Other; Subiungo velit coruscus somnus bestia vomica civitas. 
Chad Zieme;2023-04-13;449,83; Health ;SIT ASSUMENDA CREBER IPSA VELUM CALCAR CREO DEMULCEO VERBUM.
ALICIA BORER;31/5/2023;7116.49;food;Damnatio tondeo tepidus tamen quasi corrumpo.
Marty Berge;2023-05-14;7526.80; Health ; Magni abutor vere tricesimus caute barba error cunabula. 
rodney prosacco;10/11/2023;5146.83;health;hic communis acquiro curo accusamus deleniti.
  erma kiehn  ;2023-09-30;7441,90; other ;Viridis arcus amoveo depereo qui quidem.
ARCHIE RIPPIN;7-24-2023;2883,27;Office;Magnam capitulus vorago volubilis.
Marguerite Morar;2-18-2023;2524.51;food;DEGERO ALIENUS VULPES NON AER TERRITO ADSUM CONTRA.
Wilbur Wunsch III;8-26-2023;3604.55;other;Sopor advenio concedo speciosus aegre.
Ms. Donna Hahn I;28/4/2023;1724.66;Travel;Copia quisquam aedificium strues incidunt suffoco atque contego vobis.
Sylvia Walker;16/2/2023;1273.37;Health;Capio umquam adfectus vitium cognatus torqueo cultellus capio demoror tricesimus.
Henrietta Ryan;1/12/2023;7634,86;Other;Varius tui tredecim adhaero unus clam capio abstergo.
  Lillie Moen  ;9-18-2023;8719.95; Health ;cruentus assentator volutabrum admoneo aut pecus suffragium coniuratio.
Lora Powlowski V;10-16-2023; 5017.94 ; Office ;canto votum fugit pax incidunt sulum basium creptio vergo.
Guadalupe Langosh;6/9/2023;6154.59;food;Tibi curtus audeo fugiat tabella capillus adopto uterque varietas.
Dianna Gislason;9-7-2023;3939.39;Other;id esse ulterius adnuo barba tonsor hic.
Kate Nitzsche;1-24-2023;6377.22;Health;Cupio utique curo magnam ago tempus vomer aeneus vociferor.
STEPHEN REMPEL;20/10/2023;3372.97;Travel;Triduana vulticulus teres tremo quas cotidie videlicet tersus repellendus.
ivan schinner;8-21-2023;7944,57;Office;Vado vox modi sum circumvenio commodo possimus.
edwin bernhard;9/4/2023;103,94;Travel;Cetera compello aqua cibus enim uberrime curriculum tero turbo clibanus.
RICARDO LEMKE;21/3/2023;1686.28;HEALTH;Verbum viridis cibus atrox arbustum defero curiositas vicinus comitatus aurum.
  Erika Leannon  ;28/9/2023; 1501.82 ;travel; considero timidus attonbitus. 
Gordon McGlynn;2023-12-15; 8514.31 ;food;una dolor cognatus nemo ipsam numquam aequus vinculum.
Jose Satterfield;2-1-2023; 940,74 ;TRAVEL;Conforto ager tactus comedo aduro crepusculum censura substantia atqui.
mrs. laverne jones iv;18/2/2023; 6178.29 ;Other;ustilo ventosus deprecator tremo consectetur patrocinor.
Alberto Kshlerin;12-28-2023; 5714,77 ;OFFICE;Deduco deripio concido.
gail rohan;10-21-2023;6684,44; Office ; aliquam esse deduco cado aliquam timidus vilis demitto verecundia. 
  nick daugherty  ;2023-11-25;5110.44;Travel;Decor vero vito tendo calculus.
Wanda Corwin-Cremin;1-14-2023;4901,90;Health;Aestas sufficio adulatio adaugeo utroque utrum.
Lester Paucek;26/5/2023;4629.14; Health ;combibo cariosus compono verecundia cognatus antiquus.
Hilda Turner;8-14-2023;7835.36;Food;Traho paens audacia quae arma torqueo sollers demo tergeo.
  Kelley Walter-Kerluke  ;9/9/2023;4828.19; office ;Ascit adduco ad titulus acies demitto tantillus bibo corona timidus.
  RITA WUCKERT  ;16/8/2023;9310,93; Food ;Attonbitus uxor aequitas altus tametsi vito.
  JEREMIAH MURAZIK  ;27/8/2023;7105.53;Office;Somniculosus arceo aliqua aestas quas bestia attollo.
Bruce Fritsch PhD;12/7/2023;738,36;OTHER;Aggredior delectus corroboro testimonium una.
Linda Witting;14/8/2023;1759,34; Travel ;TRIPUDIO UBI VENIAM CORPUS SEQUI DEFENDO COMPARO ADFLICTO.
David Heathcote-Casper;19/1/2023;9948.40;Health;volo articulus cur fugiat.
Ora Littel;9-5-2023; 3098,71 ;Other; Claro creber desparatus vomito talio eveniet alii. 
  mrs. myra cummerata  ;4-6-2023;3335.30;Health; Consequatur suscipio acies ascit subseco laboriosam aurum. 
  Kayla Daniel  ;2023-09-23;7971,06;other;CUPIO UTILIS FUGA ADVOCO COEPI AUDEO SUBSTANTIA.
LOIS BOEHM;25/8/2023; 4282,29 ;Other;acsi ducimus ambulo capio tergo constans soluta amita.
Ella Brekke-Ward II;2023-01-09;3676.60;OTHER;Adhuc terror acerbitas ara uxor coaegresco minima cavus.
Renee Leannon-Herman PhD;1/2/2023;8800.54;other;Eligendi charisma communis studio advoco cometes cattus vigor.
Diana Swift;8-6-2023; 1170.81 ; OFFICE ;DERIPIO TOLERO IMPEDIT AD CERNUUS AMISSIO.
judith kiehn;2023-06-09;1033.71; other ;amet caecus suus harum desino utique commemoro paulatim validus centum.
Ms. Shelia Herzog;8/11/2023;1084,67;FOOD;Qui conitor aperiam tantum acervus in voluptatum.
Alan Nicolas V;11/5/2023;6584.80; food ;Autus delectus ocer stella arbor.
yolanda jakubowski;7-3-2023;7550.49; Food ;VERTO AMBULO DEPULSO CUPRESSUS VESTIGIUM.
patricia ullrich;2023-04-14;1414.67;Travel;Vita xiphias cruentus advenio earum admitto veritatis sopor umerus.
Wade Stroman;2023-12-15;5217.68;travel;Urbanus thymbra facilis.
kim dooley;7/5/2023;9694,93;food; Quam bestia confero adsuesco cariosus. 
ERNEST BOYER MD;1-30-2023; 9562.59 ; food ;amita sodalitas volup.
Jody Nolan;2-15-2023; 1951.94 ;FOOD; Catena thorax perferendis cotidie defungo agnosco facilis usque thorax complectus. 
Miss Lee Hagenes;7-8-2023;2673.23;other;Explicabo balbus vix sophismata.
crystal ryan;10-30-2023;272.37; Other ;DEPRIMO DAMNO BESTIA CUIUS UTILIS.
  Victoria Franecki  ;4-9-2023; 766,18 ;Food; Temporibus virga auxilium tripudio capitulus casus deputo defero quaerat caelum. 
Meredith Kub;2023-07-07;9128.22;Other;Ciminatio coerceo pecus administratio calco ancilla tactus.
Clinton Beahan;7-20-2023;6846.32;Food;Cum attero suus apparatus magni harum tepidus delectatio cruentus triduana.
Genevieve Morissette;2023-05-31;7021.80;Other; tam sonitus crinis incidunt spargo amitto curso vester ultio. 
  Ed Goyette  ;7-22-2023;5756.30; health ;Claustrum spoliatio amaritudo accusamus aspicio tamdiu.
Antoinette Hamill;2-13-2023; 9915.58 ;Other;ANIMI VER BIBO DISTINCTIO CRUDELIS.
WILBERT KRAJCIK;14/7/2023; 7797.15 ;travel;Crastinus tutamen triumphus aperiam atqui.
PRESTON CONROY;2023-11-17;900.65;office;Aufero inventore vorax defendo annus caritas sto conscendo laudantium.
  LORETTA CONN-MAYERT  ;2023-07-30;6911.07;Office;Advoco accusator succurro amplitudo.
Esther Bogisich;2023-08-08;8987,98;Office;Arbitro sto territo.
Dan Torp;9-4-2023;9069,15;Health; Adimpleo balbus quas. 
Carrie Schulist PhD;2023-12-06;8531.39;OTHER;Trans stabilis adimpleo voveo corona tabesco bellicus arcesso communis.
lydia prohaska;19/10/2023; 6936.82 ;HEALTH;denego catena aggero altus aetas pecus debitis vulgaris.
  Ann Purdy  ;2023-09-12;8667,22; TRAVEL ;Veritatis ceno decipio solus dignissimos eos antiquus arbor sum una.
Enrique Mayer;29/5/2023;6982.99;Office; Sordeo totus ultra. 
Daisy Klocko;5-24-2023;7546.58;Food; Tempora officiis adicio chirographum absum architecto absconditus tempore. 
lela weimann;2023-10-04;1418,23;Food; Vacuus advenio sustineo tego audax trado demens tunc tendo. 
Victoria Prohaska;19/5/2023;2225,67;Office; thymbra cruciamentum optio alienus cunabula. 
Eileen Durgan;2023-01-07; 3446,10 ;Health;Voluptate degero vilis.
Dr. Sandra Moen;2023-01-20; 5292.05 ;food;velum umquam odit aestivus repudiandae colligo.
ALMA METZ-SCHMELER;1-19-2023;5897,77;HEALTH;Cenaculum acies velum crebro thermae tego adaugeo atque.
Ivan Barrows;2023-04-28;9601.47;food;Ustulo turbo censura totidem vehemens deserunt patruus trans.
terrence gerlach;2023-09-19;5285.46;HEALTH; Terminatio textor vilis statim adipiscor color acervus truculenter solum. 
kathleen buckridge jr.;27/6/2023; 3489.11 ;Health;Cumque cunabula commodo absum aestus tamisium dolores sodalitas.
Delores Hagenes;2023-07-06;5309.52;HEALTH;valens neque caelum ventito anser balbus vitiosus asperiores.
Irvin Prohaska-Grady;2023-06-10;986.79;Other;TAMDIU SPERO CARMEN VINDICO CREBRO FACILIS VENIA.
Ms. Jennifer Haley;2023-12-18;2947.35;Health;cicuta ait denuncio ager concedo.
Tami Orn;2023-07-14;3758,51;Food;VICINUS VOLUP ABSCIDO VOMER DEFENDO VIDELICET CUMQUE.
  Jody Renner  ;2023-02-11;8209,57;food;QUASI VULGARIS NECESSITATIBUS TALIO DEFETISCOR EUM ASPERIORES VALIDUS UXOR COMPREHENDO.
Dawn Schaefer;12-26-2023;6581,59;Food;Consequatur cum vicissitudo deorsum taedium eaque.
  Pedro Schaden  ;5/11/2023;1911.35;Food;Pariatur debilito a talis suppono argentum.
  Martin Gutmann  ;2023-05-29;8507,81; health ;Denuo id amaritudo celer totus.
Edna Predovic PhD;27/3/2023;8730.96;travel;Antepono culpa suspendo combibo undique comis acies.
Warren Feest;2023-10-11;5241.83;Travel;Alii thalassinus sursum voluntarius.
Ms. Melody Kerluke;2023-05-11;6951,54; Travel ;explicabo utique valens suffoco acceptus coepi pecco.
Timmy Jacobson;2023-02-07;867.86;Travel;ABSCONDITUS ADVERSUS TERGUM ILLO.
wayne monahan v;1-10-2023;9491.11;Travel; vero corrumpo saepe super alias undique auxilium celebrer. 
george leuschke md;11-5-2023; 2270.72 ; TRAVEL ; corpus alii delinquo conitor desolo exercitationem. 
Claude Harris;2023-01-14; 200.72 ;other;Acer testimonium delectus perspiciatis vorax defessus certus cultellus crastinus civitas.
  Simon Gusikowski  ;9-17-2023; 9823.30 ;HEALTH;Sit recusandae quasi convoco spes substantia arcus incidunt benevolentia suspendo.
Jake Dickinson;9/5/2023;4133.13;Travel;QUIBUSDAM AURUM AUFERO ACCOMMODO BENEFICIUM TRES AIUNT.
christopher bernhard;2023-03-10;1727,85;OTHER; velociter acidus carus vicissitudo. 
melba schmeler;8-29-2023;5643.32;Food; demo commodo creator viduo antepono rerum placeat vix. 
Natalie Reilly;28/6/2023;3663,63; Food ; Ater bibo delicate amissio. 
cecil leannon;2023-08-07;1616,33;Office;Calculus amplexus alias velut arbitro earum.
  aubrey renner  ;9-17-2023;4096.70; Travel ;Decretum atqui timor vito allatus viridis tantum benevolentia.
ROBERTO STOLTENBERG;3/6/2023;382.55;Food;Confido repudiandae aeger soleo coniuratio.
Blake White;1-24-2023; 9236,81 ;Food;Libero acceptus cursim natus corrumpo subvenio.
norma ortiz;6-3-2023; 3378,74 ;Office; Solio blanditiis acervus sumo virga. 
Arturo Pfannerstill;2023-02-08;6738.12;health;Pecco rerum desipio vitium demens undique thalassinus dedico pecco.
GABRIEL WUCKERT;1-28-2023; 1264.37 ;Food; Conitor conqueror odit. 
Rolando Gorczany;2023-10-22;9584.70;FOOD;modi audio saepe ulterius temporibus debeo.
Kendra Weissnat;14/6/2023; 7489,36 ;Office;Traho desipio nisi causa.
Carolyn Welch III;17/11/2023;8841.27;Food;aequus confero angustus supra.
walter barrows-murray;9/1/2023;8013.01; other ;Ait dolorem solutio absorbeo cuius audeo.
  Thelma Wiegand  ;11-15-2023;1488.48;Office; SAPIENTE ADSTRINGO SUMMA ARS TEMERITAS CERNO. 
Maria O'Keefe;12-28-2023;9050,97; Other ;Tredecim aduro animadverto aufero curtus condico corrumpo.
  Krista DuBuque  ;11-30-2023;599,35; TRAVEL ;Cernuus accusamus armarium.
dennis windler;26/2/2023;1875,10;Office; Teneo umbra varius. 
Tara McKenzie;2023-04-09;502.36; Health ; Cruciamentum esse eligendi corrupti crudelis quae admoveo. 
Dr. Ruben Ullrich;2023-05-10;2169.77; food ;Tricesimus damnatio desidero sollicito tempus curto virga vis.
Wendell Brekke;1-5-2023;7436.63;other;Tempus incidunt baiulus angelus tot dignissimos sumo.
Margaret Heaney;6-29-2023;5549,41; FOOD ; Demo cinis speciosus consuasor culpa. 
Alexander Lehner;29/3/2023;7300,27; Health ;Solium agnitio apud statua.
Naomi Shanahan;2023-07-20;1207.03;TRAVEL;Architecto abutor antiquus debeo pectus advoco approbo eligendi.
Kent Spencer DDS;11-13-2023;7650,91;Other;Amplus triduana tracto quibusdam aperio tempora cubitum ciminatio.
Samuel Hintz-Rodriguez;1-5-2023;6217.76;Office;Degenero vesco repudiandae.
SOPHIE HESSEL;11-20-2023;8093.85;Food;Territo ver attollo argentum ullam cum vinitor vel beatae.
vernon veum;2023-06-24;1599.88; Travel ;Coerceo expedita calco sponte excepturi calamitas ab cariosus abutor.
Felicia Schultz;5/8/2023;5509.60;Food;Voluptatum illo celebrer vilis cado.
Ivan Paucek;6-30-2023;5678.93;Other;condico bellum umerus deficio hic volaticus adsuesco speciosus thema.
  PEDRO SCHOWALTER II  ;12-25-2023; 301.46 ;FOOD;Tres earum tergum clibanus ciminatio acervus perspiciatis sub.
Mr. Allen Rogahn;2023-05-30;1988.77;Food;Cursim rem tres absque ambulo cicuta animi sui.
hattie bartell;1-9-2023;5074.26;FOOD;Curia celer vox deinde aestivus recusandae admitto conculco tantillus amplus.
Anna Homenick MD;2023-07-20; 8807,16 ;OFFICE;Allatus suadeo anser supra trepide.
  Helen Kiehn  ;2-12-2023;1503.87; Office ; Censura vapulus ter teres deficio derelinquo. 
Wendy Windler;2023-08-12;5661,79;Other; CREBRO SPARGO DEFERO EXPLICABO DECERNO. 
Aubrey Wuckert;5-12-2023;1217.22;Health;Enim cetera spargo.
Austin Stracke;9/9/2023;7047,41;Other;Vomica absconditus amissio.
Miriam Haag;18/9/2023; 1194.23 ;other;Denique voveo pecus vobis similique carmen angelus apostolus.
Virgil Marvin;3-10-2023;5114,69;Travel;CAPUT FUGIT NUMQUAM SOMNICULOSUS CANTO.
  Rhonda Harber  ;23/8/2023;3879.03;Other;appello auditor circumvenio vere validus defessus suscipit vos.
Norman Aufderhar;2023-03-17;2122.45; Office ;Carpo curto victoria perspiciatis.
Lola Maggio;7-4-2023; 5289.16 ;OTHER; Brevis solitudo vitium vulnero suus ter strenuus ustilo teneo conforto. 
Miss Jasmine Mraz;2023-06-05;1009.18;Travel;Collum vulgus pel trucido ab.
marcus hansen;10-18-2023;6193.57;office; ANGELUS DELINQUO VOMITO CURRICULUM OPTIO. 
BRENDA SAWAYN;12-8-2023;9872.26;health;solum thymbra adflicto aufero volutabrum eaque caute quidem callide conculco.
  Amanda Rodriguez  ;2023-12-29;5754,79;Travel;Collum depulso caveo cariosus utique sumptus absconditus canonicus.
  Hope Breitenberg  ;6-23-2023; 1221,46 ;Food; terminatio voluntarius avaritia eius curvo currus. 
Mrs. Lillian Walsh I;30/6/2023;1249.18;Travel; aequus defero sufficio similique amplus tunc arx. 
Mildred Wehner PhD;12/10/2023;4806,76;Other; Blandior aegrotatio damno bellum voluptatum deprimo terreo. 
mike littel-corkery;2023-07-28; 6069,21 ;food;Armarium demens sumptus animus.
Lorenzo Fritsch;8-10-2023; 9895.90 ;office;Pecto taedium adfectus vulpes quia vitae cura tristis antepono.
Robert Boyer;5-2-2023;8425,63; Food ; Teres veritatis clibanus succurro deserunt socius debitis. 
cecilia raynor;5-10-2023;4954,48;Health;Sono urbanus creta.
alfredo cartwright jr.;2023-03-12;8837.93;OFFICE; Curto vigor universe copia demo perferendis maiores vallum. 
  Tonya Rowe  ;10-30-2023;6267,91;OFFICE;usque blanditiis tempus aqua denique.
dr. guy pagac;10-14-2023;1408,36; office ;Cattus carbo uter recusandae vado venia colligo.
Mr. Byron Miller;4-19-2023;3676,79;Health;Defleo super cernuus suasoria nesciunt.
casey runolfsdottir-medhurst;21/7/2023;5154.41; health ;ara circumvenio aspernatur sint subvenio pecco.
IRIS BREITENBERG II;6-8-2023;5275,15;TRAVEL;Admoveo delectus callide creber terra crastinus.
DEAN JERDE;7-31-2023;2724,39;food;Adhuc substantia adsidue aut.
Duane Bechtelar;8-11-2023; 5287.83 ;OTHER;Timidus animadverto ante decipio tempus.
  perry gerlach  ;20/1/2023;6655.75;Food;Ducimus calamitas creber agnitio turpis.
  Van Roberts  ;2023-11-07;8151.59;Food; sub vigor vomica quo theologus celer consuasor cupiditate. 
ALONZO ULLRICH;7-10-2023;5666.56;Other;Textilis averto quo vehemens.
Nelson Christiansen;2023-02-17;4552.75;Food;umquam torqueo amicitia curtus ex concido tracto aliquid.
THELMA FLATLEY;4-2-2023;867.49; Health ;speciosus doloremque tantillus somnus desolo.
Stephanie Emmerich;31/7/2023;1766.35;Food;Abeo carbo laboriosam aegrotatio caute aspicio suggero.
PEGGY MILLS;2023-06-08;7395.91;FOOD; Peior laudantium video bellicus adfero tristis audio aperio terebro. 
ANDRES BOTSFORD;21/10/2023;1419.13;health;SONO SONITUS AUT BLANDITIIS PATIOR MAXIME EVENIET.
Jimmy Stiedemann IV;2023-07-18; 8060,97 ;Office;Esse deserunt cribro cuius traho textilis bellum aranea capillus vita.
Kristine Schmeler;26/2/2023;7321.02;OTHER;Demo angulus adhuc articulus tantillus concedo.
Dr. Isaac Sauer;24/2/2023;3179,30;Food; Rerum suus contigo incidunt. 
Clark Schamberger;13/1/2023;4909.62;Food;crux decimus supra spargo ter ex pariatur adsum vindico tum.
Helen Jerde-Konopelski;27/7/2023;4338.51; Health ;Ultra tribuo cunabula curvo sto quis atrox rerum.
Dr. Emily Effertz;9/10/2023;5386,12; Food ;TRUCIDO DECIPIO VITO QUI CORONA DENS ENIM CONCIDO.
PERCY CHAMPLIN JR.;23/4/2023;2337.37;Other;arceo concedo aperiam claustrum amiculum sonitus verumtamen id curia.
Terry Volkman-Ortiz IV;2023-04-23;2105,61;travel;TIMIDUS RATIONE SOLIO ADSUM AMARITUDO CRETA CAMPANA NEQUE THORAX ALO.
Santos Keebler II;8-16-2023;4093.53;Other;Crepusculum advoco capio paulatim suffragium.
Felipe Ledner III;7-4-2023;1313.03;Other;Denique audio vapulus minima aedificium.
Desiree Mohr;2023-09-01;7592.24;OFFICE; Placeat laudantium demo corrumpo acer. 
Ricardo Friesen;8-13-2023;5059.16;Office; Callide cernuus autus attonbitus ademptio at cerno. 
Louise Kuhic I;2023-04-12;2693.56; Other ;VESICA DEFICIO TURPIS SIT COMBIBO.
Dianne Abbott;10-4-2023;4722.87;Office;demoror vilitas caries eum caelestis damno crur suscipit.
oliver fahey;9-14-2023;8500.05;Office;Cursus derideo cubicularis totidem solitudo paens creo trucido audeo somniculosus.
Christopher Conn-McClure;7-27-2023; 6593.35 ;Food;Beatae copia summa officiis maxime cogo non thorax.
mr. leonard wehner;1-15-2023; 5130,30 ;Food;Sperno culpa arguo vae conqueror nisi xiphias.
Andy Kuhn;17/5/2023;9550,13;Food;DEMULCEO AUREUS EIUS USUS.
Toby Jerde;25/9/2023;6119,35;Health; Comes tantillus degusto audio quae absque eaque paens. 
edna fadel;5-12-2023;7211.24;Other;CURSO AUCTOR COMIS AMET CRUENTUS.
MRS. RAQUEL WISOKY;2023-07-18;162.19;Office; DEPULSO CARUS AUCTOR CELER ADURO RERUM ADHUC. 
VICTORIA FUNK;13/10/2023;5173,12;health;Uxor conscendo brevis varius volutabrum amaritudo suppellex vigilo sui.
Don Cummings;8/1/2023; 6806.08 ;office;ARTIFICIOSE DECUMBO CRUCIAMENTUM AEGRUS.
Dr. Edmond Kuhic;1-4-2023;3876.50;Office;Suffragium comptus excepturi vestigium.
Jeannette Stokes;9-19-2023; 3510.65 ; TRAVEL ;vulgivagus despecto antepono complectus supplanto consectetur vos ascit mollitia.
BLANCHE GOLDNER;3-19-2023;6528.15;Travel; Consuasor aiunt cruentus calcar tres tantillus demulceo victoria. 
mathew schaden;10/11/2023;9578.75;other; deduco denique laudantium coaegresco deporto arbor. 
Jamie Lueilwitz;11-26-2023;8927,98;Office;CONVENTUS TOTUS XIPHIAS STATIM CRUX AMET OMNIS.
Celia Cormier DVM;2023-03-02;9630.94;Health;Tamen capillus creber collum quos bis confido.
MR. GREG KIHN IV;2023-09-14; 9886,48 ; Office ; Casus incidunt viriliter cibus enim voluptate adstringo crinis spero canto. 
Robert Hirthe;9/9/2023;6690.73; OFFICE ;Tubineus vomica sequi sto uredo alioqui textus.
Minnie Rohan;7/6/2023;5972.15; TRAVEL ; Arguo vorago decimus censura attonbitus. 
MORRIS HAMILL;2023-06-20;1123,61; FOOD ;Dolore adficio tenax cras.
earnest bashirian;10-4-2023;8319,23;Travel;Vesper tersus cubitum teneo colligo comptus casso venio soluta abbas.
Rickey Morissette;12-21-2023; 1093.57 ;health;Adhuc uberrime minima.
Glenn Zulauf-Boyer DDS;2023-07-13;8957,56;Travel; EAQUE SUSPENDO CONTABESCO CREDO DOLORES CRAPULA. 
Sophie Herman;7-21-2023;7660.51;Food;QUASI ABSCONDITUS TITULUS AIT COMBURO VOCIFEROR PERSPICIATIS ANSER.
SHANE DANIEL;7-19-2023;8028.79;Other; voluptates delibero delibero aggero solvo. 
Bryant Bosco Jr.;27/8/2023; 5488,04 ; office ;CURRICULUM VIRGA DEPRAEDOR.
GWEN O'REILLY;2023-04-14;2034,53;travel;CAPUT CRUENTUS ARBITRO VENIA VINDICO USTULO AMO THECA ARGUO CORROBORO.
lana breitenberg;2023-11-29; 9853.72 ;Other; Curtus abscido abutor canto. 
Jamie Armstrong;6-29-2023; 8145.72 ; Health ;Colo optio molestias caries cupio defluo quae impedit.
Pete Ruecker;2023-09-27;8872,09;OTHER;Tepidus occaecati ager vito trucido soluta suffragium facere animadverto.
Rogelio Jenkins;26/12/2023;9943,79;TRAVEL;Cito bestia eaque adipisci arca usque.
Mike Hagenes;6-3-2023;3231.97;Other;NATUS TABELLA VIDEO ADHUC AMICULUM CENO.
Miss Lillie Daniel;9-27-2023;2059,98;Travel;Voluptatibus cornu argumentum universe decimus recusandae claudeo tenus vado thymum.
phillip rath;2023-01-01;264.31;Office;summopere asperiores aqua aetas tactus cotidie vereor spero verus videlicet.
Lillie Lebsack;2023-06-24;6327,59;OTHER;Cura concedo tricesimus acceptus adipisci cetera crepusculum.
  Genevieve Wuckert  ;5-12-2023;4541.30;Other;Conicio cursus occaecati administratio culpo carpo.
EDNA CRONA;27/4/2023;6739.47;Other;Stipes rem cetera.
MALCOLM ULLRICH MD;2023-06-05; 6800,91 ;Health;Magni vestrum voluptatibus.
NORMAN LEMKE IV;2-20-2023;3242.29;Travel; cultellus cerno creator pel antiquus valeo. 
  CHARLENE LEDNER  ;4-10-2023;5830,46;Travel;Adopto turba confero delibero beatae dolorem ara cumque.
Jeremiah Kessler;3-4-2023;837,43;Travel; Defendo uterque custodia vaco tandem conforto. 
clifford reichert;31/5/2023;925.79; Food ;Cultura valeo defungo cognomen atavus cur tot ciminatio deprimo vallum.
Darrell Sporer;17/9/2023;6029.05;Office;SOLUTIO DEFICIO TRISTIS TURBA ARCEO ANTEA UTROQUE SURCULUS OMNIS.
Traci Sauer;29/7/2023;9.06;Office;Canto defendo stella chirographum conduco tribuo terminatio altus acerbitas.
Tony Kuhic;2023-04-03; 8065.77 ;Food; Corroboro contra recusandae demonstro causa brevis necessitatibus derelinquo. 
Phil Smith DVM;11/11/2023;5844,23;FOOD;Quas tamdiu quibusdam cogito qui vulgivagus aspernatur teneo.
sergio hermann;2023-01-17; 8020,20 ;Other;Voluptatibus despecto adamo deputo.
ALICE GOLDNER;6-27-2023;379.97;OTHER;SPERO TAMISIUM TAMQUAM REPREHENDERIT VIRGO SOLEO ABSCONDITUS COLLUM ADIUVO.
mr. darrel towne;2023-09-28;1769,35;Office;Talus aureus eligendi.
Mr. Philip Wilderman;5-13-2023;3332.92;Other;Cedo corporis demum ustulo vero taceo quod.
Dr. Alice Larkin;9-26-2023;1801.31; Other ;vicissitudo tonsor ara tutamen votum contego confero viriliter accusantium.
Barbara Harber;2023-09-04;8395,69;Other;Calamitas admoneo allatus.
harry sipes;10-23-2023;1668.49;Food; EXERCITATIONEM DESPECTO CALAMITAS SPERO NISI STO CORPUS. 
Kenneth Hane-Carter;8-2-2023;7921.00;Other;Damnatio vinculum tandem illum commodo vulpes decens torqueo damnatio.
Spencer Schuppe;31/5/2023;1273,94;Office;ALIQUID VELUM CRUX CONFERO PERSPICIATIS TABGO AUDENTIA FUGIT STIPS CAUTE.
sheila hoeger ii;2023-09-21;3831.61;FOOD; Totam suffragium agnosco ea collum. 
Rita Dickens;2023-07-20; 6541.49 ; other ; Anser votum tempora. 
Alton Wilkinson;6-13-2023;4300,69;Food; Id thymbra aegre deficio vetus altus. 
Ramona Abbott-Veum;12/4/2023;4462.94; Travel ;Vero capio viduo aliqua adsidue absorbeo aequitas.
KATHLEEN O'HARA;3-19-2023;4927.99;Travel;Causa deprimo vado vociferor voluntarius iure.
  Nellie West  ;1-6-2023;8583,42;Office;TIBI VERE INVENTORE ARCHITECTO DESIDERO TABELLA.
Miss Heather Sporer;19/5/2023;7609.79;Food;ANTEA CULTELLUS BENIGNE CULTURA ADIPISCOR ADULATIO ADVERSUS.
Tim Reichel;2023-02-09; 8275.78 ;OTHER;Cerno tempus ambulo adicio atrox admoveo comptus virtus capillus.
Colleen Hamill;2023-08-06;7814.11;Office;Cilicium adaugeo fugiat curto crur.
Margie Walter;15/8/2023;138,64; Travel ; Summisse curia vapulus enim avaritia. 
  Shannon Runolfsdottir MD  ;10-1-2023;8660,02;Office;vorax thymbra ciminatio vesper iusto usque adipisci.
cindy olson;2023-11-06;9743.88; Other ;CURO PATIOR TENDO CIVITAS.
nick treutel;8-26-2023; 7222,77 ;office;Desolo dignissimos corrumpo iusto labore ipsa.
Dr. Lucas Feeney;3/2/2023;7299,72;FOOD;PRAESENTIUM COMIS NATUS COMIS TURBO VOVEO ULLUS.
miss lydia goodwin;2023-03-06;7757.23;Travel;Demitto ter suus cunctatio defendo absorbeo nobis.
Suzanne Schuppe;2023-11-15; 7059.09 ;Food; Harum conduco aestas venio aliqua deserunt. 
  Kim Williamson  ;8-14-2023;9922,04;Health; VORAGO AMO VIGILO FACILIS REICIENDIS DECIMUS. 
Johnnie Kub;6/11/2023;4862,73;FOOD;Triduana defungo capitulus.
Mr. Percy Boyer;6-27-2023; 7101.51 ; Travel ;Cumque tantillus ex vere acer defero neque.
  Jeremy Cole  ;2023-11-21;3721.50; Travel ;IURE CONSEQUUNTUR AUT VOLUPTATEM VULARITER.
Janice Christiansen;2023-08-24;7308.80;Office;Spoliatio vulnus neque thesis colligo.
Lola Hermann;1-17-2023; 689.47 ;Health; illo ipsa coepi cibo stultus. 
SALVADOR WUNSCH;11/7/2023;1231.13;Health;Civis expedita apto tempora thermae a ascisco circumvenio testimonium.
miss kristi kiehn;2023-01-03;6676.05; Other ; Clamo speculum adicio torqueo. 
Armando Leuschke;2023-09-28;8723.21;OTHER; Spectaculum praesentium amet tepesco. 
  Tami Cremin DVM  ;8-10-2023; 8025.85 ;Other;Amo uredo acer.
Vincent McKenzie;6-30-2023; 5303.70 ;Other;Animadverto consuasor utrimque sustineo.
Mr. Casey Bernhard;11-30-2023;7799.29;Health;ASCIT CARITAS MOLESTIAE SUPPLANTO ABDUCO CHIROGRAPHUM.
Tom Schmitt;4-28-2023;7620,62;Health;Apud summa curvo omnis nesciunt voco.
Mr. Randolph Beatty;31/5/2023;8642,47;Food;Venio cado dicta voluptatum tyrannus in carus carpo.
Domingo O'Conner II;5-25-2023;2099.15;Office;Conforto cubicularis pecto vaco suscipio una.
debbie blick;23/5/2023; 5992,90 ; Other ;CATENA UT VULGO ADIPISCI VILICUS ADEMPTIO VORAX TEXO UREDO VOLUNTARIUS.
Mr. Jeremy Weissnat;19/10/2023;9751.96;Food;Carmen cetera vesper.
Deborah Von;2023-07-14;252.20;Other;claustrum ex alius valeo contego nisi bos tempus.
  natalie blick  ;3-2-2023;8593.66;Health;Tracto sint ex conturbo angulus cimentarius.
MR. REGINALD METZ SR.;9-5-2023;7907.52; food ;Cetera talis talus decet adversus color tamisium sint adamo ascit.
Kirk Ullrich;1/7/2023;5472.06;Other; Aestus qui virtus creator arbitro denuo. 
Mrs. Leona Crist;12-21-2023;8666,76;Office; ambitus tabesco esse delectus xiphias adflicto dapifer tepesco thymbra. 
Blanche Heaney;2023-03-04;9894.30;Other;Tergum consequatur accusator thorax valeo virgo accusator ascisco.
CANDACE EFFERTZ;6-16-2023;9078,22; Travel ; Verumtamen debitis thesaurus cattus. 
Nellie Sipes;2023-11-04;8670,10; office ; Acsi tabernus caelum. 
KIM D'AMORE;15/3/2023; 3546,99 ;Office;Apud celebrer cura balbus.
LORETTA CORWIN;4/3/2023; 9464.74 ;Travel;similique antepono deleniti.
Darren Hirthe;2/8/2023;1593.73;Other;Vacuus caritas conventus alius tam apto suppono votum.
  ALEXANDRA MULLER  ;12/9/2023;7163,15;Office;Amo statua adipiscor caecus cras tamisium patrocinor auctor.
BILLIE DOYLE;12-28-2023;1330.44;Office; Vespillo approbo cumque substantia deprimo conservo exercitationem depereo cuius assentator. 
Sherry Cummings;21/11/2023;1823,75; Office ;SUFFRAGIUM TERROR CLAUSTRUM.
  Natalie Batz  ;7-26-2023;29,07;Other;VOX CURRUS CLARO DEFERO CIBUS CATERVA PORRO ASPER.
Margie Bergstrom;3-14-2023;6064,36;OTHER;Verecundia damno terror thymum concedo tibi sum voveo.
Dana Davis III;12-23-2023; 5816,48 ;Other; Tristis crustulum absum copiose teres ara depopulo conventus sponte trans. 
KRISTIE CORMIER MD;15/7/2023; 7462,12 ;Other;Cerno caecus cunctatio caelum benevolentia.
  Darlene Leannon  ;5-9-2023;7588,55;Travel;Solus enim socius studio.
  Cathy Bernier  ;1/6/2023;7215.72;Travel; VESTIGIUM UT SUBNECTO PAX. 
  Claire Gottlieb  ;1-27-2023; 1208,30 ;OFFICE; utrimque sollers quis blanditiis vis sodalitas. 
Amber Stracke;2023-11-19; 3700.35 ; Food ; Aestivus asper alius tamisium sursum. 
constance schaden;9-7-2023; 9195.49 ;Other;Ustilo subvenio degenero vos vitae alias verto.
  Bertha Koss-Lynch  ;6-30-2023;9757,08;TRAVEL;Complectus tutis rerum cognomen.
ollie beatty;9-4-2023;77.47;other;Tametsi complectus tabesco nesciunt ducimus vilitas sint tenetur ascisco.
Dr. Gertrude Sipes;12/2/2023;2073,71;OTHER;creber adicio solio torrens.
Jeffrey Herman;8-19-2023;4125.41; Office ;Spargo caritas apud dolore una cilicium accedo aiunt viduo amita.
Dr. Duane Kuvalis;7-2-2023; 154,64 ;OTHER; Ea corona aetas tabgo taedium terra delicate. 
  Gerard Bergstrom  ;9-17-2023;7107.46; Travel ; Ambulo socius demoror vilicus adinventitias. 
roberta schimmel;1-15-2023;4323,11;TRAVEL;Crebro tamquam depono.
Jane Kemmer;2023-12-04; 460.67 ;health;Beatae admitto abstergo totus turbo vobis conatus.
Luis Ferry;6-9-2023;6964.30;Travel;Speciosus textilis accedo cogito aufero.
allan nienow;2023-01-21;9493.07; Food ;Arbustum averto corpus adstringo sophismata.
MANUEL ABBOTT V;12-3-2023;7268,16;Office;Demoror truculenter coruscus averto varietas.
  Otis Connelly  ;10/2/2023; 6827.06 ; Health ;sol perferendis desparatus censura vitium bellum.
  jim lynch  ;3/11/2023;1811.25;Health;Corona tremo coepi tergum suus.
  Luis Koepp  ;8-22-2023;7248.37;HEALTH; Modi stultus tabella verbera creo. 
Alfonso Hilll;23/2/2023;5259.32;Office;Provident cribro tero.
Geoffrey Goyette;2023-08-31;3677.73;Food;ARCESSO BARDUS SPONTE NOSTRUM ADMONEO VOLUP TERGA SAPIENTE.
Alfredo Crona;15/7/2023;5825,97;HEALTH;auxilium hic quasi sum crinis paens sponte.
Johanna Dach;17/2/2023;3066.52;FOOD;caritas thesis natus contabesco.
delbert hagenes-hermann;2023-02-10;2211,93;Other;nostrum illum atrox curia labore terminatio talus nemo eius virtus.
  Dr. Troy Ebert  ;2023-05-04;5198,71;HEALTH;Timidus voco utrum cognatus.
bryant emmerich;2023-10-04;9970,58;Office;Magnam constans alo cumque.
Pedro Kozey;2/11/2023;7752.04; Other ;Inventore creator tutis.
Mrs. Guadalupe Upton;1-19-2023;9863.21;Other;Facilis voluptatem curto totus.
  Jeff Rogahn  ;25/4/2023;4441,45;Health;Vilitas beatae tunc desipio odio.
  dr. jeremiah bergnaum  ;2023-07-27;7883.81;other; TANDEM VENTOSUS VOLUPTATE APPONO. 
shari weimann md;2023-03-29;6441.87;Travel; Capitulus adopto bestia corroboro audeo doloribus fugit. 
  Craig Marks  ;12/4/2023;4012.18;office;ultra tepesco crastinus.
  Dr. Manuel Kulas DDS  ;2023-03-26;953.38;Office;Corroboro ipsa adsuesco.
clara casper iii;3-15-2023;8345.39;Travel;Demonstro auctor cornu conservo vulgus tabgo ait vinculum terminatio canto.
Gilbert Beer;5-29-2023;254.48;Health;ABSUM TABGO PEL UMERUS SOLUM APERTE DELUDO TERGIVERSATIO EX APERIO.
Alejandro McDermott;1-9-2023;7251,58;Office;AMICULUM CONCULCO VITAE VIRGO ARANEA CUPIO.
  Dr. Jeremiah Treutel V  ;11-22-2023; 3258.02 ;Office;Annus accusantium antea uberrime argumentum celebrer spectaculum cubicularis urbanus amo.
Brittany Hirthe;2023-12-20;4463.92;travel;Aeneus conservo tondeo carmen recusandae.
  blanca huels  ;22/8/2023;7543.39;travel;cenaculum cohibeo terga cuius vulpes vinco admoneo.
EDMOND JERDE;2023-11-28;9328.15;FOOD;Neque atrox optio culpo defetiscor aptus amplitudo eius apud asperiores.
  dana kuhic  ;3-11-2023;3278.39;Office;Thesis patria cupiditate adduco valetudo curvo dicta consuasor.
cary robel;12-23-2023;9827,41;office; Quaerat decet ustilo illum voluptas. 
BRYAN HAMILL;7/11/2023;9578.15;Travel;Rerum consectetur nam.
Dixie Heller;10-3-2023; 9296,11 ; Other ; Sponte timor magnam adflicto magni delinquo demoror angustus adflicto conor. 
Dr. Alvin Donnelly;4-6-2023; 1548,74 ;Travel;Teneo super sustineo architecto patior.
Boyd Ullrich;5-4-2023;6381.45;TRAVEL;CONTABESCO ET DEMONSTRO URBS BONUS TEMPORIBUS.
  Philip Lockman  ;2023-07-03;4268.09;food; Absconditus conservo ab conservo considero conicio tergeo. 
austin torp;2023-12-22;8744.42; travel ; TRES SUPER UTILIS DELUDO CORREPTIUS DEFAECO SUCCEDO DEFLUO VIA ADIUVO. 
KRISTEN MRAZ PHD;30/9/2023;5464,86;other;vulgo sopor vehemens tonsor thermae bene vesco quae.
Mrs. Jamie Labadie;10-30-2023; 2183.77 ;OFFICE;Virgo numquam vilis.
Amos Macejkovic;27/5/2023;7939.82;Health;Vitiosus summa strenuus victoria arx defluo.
  KIMBERLY GUTKOWSKI  ;8-12-2023;9977,85; Health ; Caput absens pauper tertius rem arceo unde arx taedium deinde. 
KATHY KEMMER;2023-06-11;9372.07;Office;Theca infit tametsi tremo arca defetiscor adicio spes crinis.
Lloyd Turner;12-18-2023;5317.89;Health;MOLESTIAE TAMEN DECUMBO ASSENTATOR.
  Courtney McCullough  ;2023-05-16;770,71; HEALTH ;quam viduo sordeo attonbitus esse.
  Delores Satterfield  ;5-15-2023;8507.96;office; ANIMUS INFIT URBS STUDIO BALBUS CRETA CAPILLUS TRAHO SODALITAS TENUIS. 
  Hilda Grant  ;18/5/2023;4327.10;Other;Basium tyrannus attero omnis alius desidero vociferor aequus vesco.
  Roxanne Bahringer  ;14/4/2023;3923.46;HEALTH;Odit cattus tredecim coniecto trepide tabula.
Dr. Vera Corkery;25/2/2023;3389.32;OFFICE; Abstergo studio adhaero avaritia praesentium aveho aliquam. 
  Mr. Ramiro Murphy  ;11-1-2023;4407.54;Other;ut absum vero veritatis bene.
erin blanda;2023-06-04;9825,44;TRAVEL;AT AVEHO APTUS MAXIME EXPLICABO.
Wilbert Schultz;2023-11-01;4622.03;Travel;Cilicium solio capio comburo amor vacuus atrocitas velociter.
Sonia Morar;2023-12-06;9081.26;FOOD;censura iusto careo solum consequuntur centum ocer.
Lora Larkin;2023-10-18; 532.59 ;Food;Varietas utrimque curvo umerus tripudio consuasor culpo turpis degero.
FREDA WARD;2023-08-03;3654,71;Health;Ademptio accommodo cupiditas libero statim et.
  DR. LORENZO KUNDE  ;23/8/2023; 3689,96 ;Health; Truculenter vos illum temptatio esse articulus. 
Lola Klocko;23/7/2023; 8465,64 ;Other;utilis brevis cultellus dignissimos patruus trepide arcesso caute tyrannus.
SCOTT WINDLER;17/11/2023;8124.90;Health;BENEFICIUM UBERRIME CALLIDE APERTE SIMILIQUE DIGNISSIMOS CUR.
Brett Fahey;4-8-2023;8479.89;food; Acceptus voluptatem ulterius blanditiis. 
Gretchen Kris-Mitchell;1-31-2023;221,55;Office;Quae depereo texo carmen comptus admitto curto laborum.
cecil braun;13/8/2023; 4652.62 ;OTHER;Tepidus ultra occaecati.
Sophia Ratke;4/12/2023;637,33;office;animadverto vulnus caritas aliqua saepe odio.
Tommie Olson MD;5-13-2023;1230.88; Travel ;ulciscor tandem cultura.
Erika Mayer;11-7-2023;2896.92; TRAVEL ;ACERVUS QUIS ARGUO VELUM VETUS CONSUASOR COLO PAUCI.
ROBERT WAELCHI;27/11/2023;5423.14;TRAVEL;Caecus saepe velut crudelis truculenter.
Bruce Weimann;2023-03-26;9182.25;Other;Varietas curso blandior venustas callide solio verus.
Charlene Ferry;11-1-2023;592.13;Food;CIVITAS PROVIDENT CUPRESSUS ADMIRATIO ADIMPLEO CUNCTATIO AGER.
james klein;2023-08-15;7334.16;food; Conspergo curo compello venustas celebrer curso. 
bryant greenholt;6/6/2023; 1905.06 ;Travel; RATIONE CONSEQUATUR TURBA. 
Dwayne Terry;2023-09-28;2019.67;office;capillus tyrannus tabernus sophismata adversus ullus pauper.
Bradford McKenzie;8-6-2023;2093,40;travel; Demoror compono debilito charisma eveniet beatus ter totidem. 
ruby padberg;8/3/2023;3514.64;Other;suffragium vorax quos supellex stips solum.
Dr. Cesar Heaney;10-17-2023;2611,36; TRAVEL ;Aureus advenio expedita aranea alter exercitationem venio.
shelia hoeger;9/2/2023;8825.94; food ;Auxilium statim vetus sollers ademptio speciosus atavus verecundia perspiciatis arma.
SHERI STOLTENBERG;24/2/2023; 2981.35 ;OTHER;Aegrotatio tolero odit clarus armarium acervus praesentium capio.
Kristopher Shanahan;1/6/2023;1370.63;TRAVEL; Conduco tollo tondeo. 
  RAMONA QUITZON  ;2023-01-28;4825,18;Food;Inflammatio ciminatio tot.
  Elaine Mertz  ;3-8-2023;378.61;Health;Cervus harum deprecator avarus super admoveo tergeo spes aegre.
ms. kellie bartell;17/8/2023; 4433.55 ; Office ;Quia cohors cinis minus atrocitas viduo degero vespillo clarus.
Minnie Cummerata IV;15/5/2023;8908.48;other;sono crapula corroboro.
  Terrence Considine  ;5-18-2023;7774.96; other ;Dolor commodo suffragium vae delectus coerceo velum.
Meghan Schneider;2023-12-24;3302.39; Office ;Voluptas absconditus vitiosus commodi tredecim antea tego sordeo vestigium esse.
robyn durgan;10/9/2023;6766.49;Food;Ultra suffoco tamisium voluptate.
LARRY HOPPE;2023-01-04;1550.84;Office;ADMINISTRATIO CADO IUSTO CONSIDERO ADMOVEO CANIS CUPPEDIA A DESOLO CORRIGO.
Carrie Waters;24/12/2023;2762.79;OFFICE;Cultura abduco arceo appositus summisse ad paulatim venio claudeo.
  DONNIE WILLMS  ;10/12/2023; 94.51 ;Food; VOTUM DEFERO VOLUP CONCIDO ARO ESSE AGGERO IURE. 
  Ms. Raquel Roob  ;10-9-2023;3057.61;TRAVEL;Tenuis cuius cur suppono ut curia.
Irving Greenfelder;2023-10-28;4165,93;Food;sunt velociter thymbra saepe tyrannus pectus.
  Daniel Turcotte  ;3-12-2023;2334.86;Office;Dignissimos callide caelum degusto.
audrey purdy;8-12-2023; 2788,12 ;Health;approbo facere vulgus depono suppono surgo tubineus.
  olive emmerich  ;18/5/2023;4615.03;Travel;clibanus numquam voco tonsor arbustum.
  Molly Stokes  ;2023-05-18;5525,10;Food;Suscipio aedificium trepide carmen et depromo defungo cito sufficio.
Hugo Morissette;2023-01-17;4033,31;other;Assentator labore cornu.
Dr. Celia Kuphal;28/11/2023;634.19;Travel;AUDEO DEINDE CONCIDO APUD VOLUPTATEM CAVEO REPUDIANDAE XIPHIAS CLAUDEO VULGO.
Debra Labadie;10-6-2023;3226,25; Other ;aer aestivus vulariter curriculum.
Marvin Cremin;7-10-2023; 79.76 ;Other;sursum vero voluptate uxor.
  FERNANDO LEGROS  ;5/1/2023; 4510,99 ;other;Titulus canto volo videlicet patior.
KERRY TOY DDS;2023-03-28; 8410.88 ;Other; Video utrimque comptus defero tabella. 
GERARD VON;7/12/2023;6981.97; Food ;DEBITIS SOLVO TERROR APPONO DEGERO TENAX SPONTE TURBO.
  Miss Patti Marvin IV  ;19/11/2023;8770,86;Travel;Patrocinor verecundia corona consectetur velut apud.
Ernesto Casper;1-11-2023; 7186,50 ; Other ; cupio deleniti arcus curo possimus acerbitas deleo vorax aeger adamo. 
Adrienne Gulgowski;2/9/2023;8912,10; FOOD ; AESTIVUS COMPARO STELLA NESCIUNT CRAS DEPEREO DEPEREO TOLLO THESIS ARTIFICIOSE. 
rafael johnston;12-31-2023; 2950.85 ;Travel;Sub cohors virga sufficio nulla decipio volutabrum vaco coerceo cunctatio.
HAZEL STROMAN DVM;2023-10-19;9075.18; Office ;natus suppellex aegrus adsum claustrum confero infit condico.
  George Nicolas  ;16/12/2023;580.59;OTHER;sit conservo quae suggero congregatio venia argentum eius patruus.
Ms. Melanie Ankunding;9-5-2023;3435,71;Health; vobis usque arbor velut curtus astrum caute cetera nobis denuo. 
Sylvia Gutmann;2023-01-05;5739.59;Travel;Demonstro solio corroboro strenuus celer tempora.
Corey Schultz DDS;2023-09-21;460.32; Health ;Sustineo amita unde versus vestrum vulariter.
Leticia Boyer;26/11/2023;316.80;Health; Adsuesco venia stips velum deporto acceptus commemoro. 
Eduardo Daniel;5-21-2023;4036.76;TRAVEL;ADHAERO VITIUM VESCO TENUIS SOLUS STIPS TERSUS.
Karen Abbott;2023-05-09;4832.29;office;curso concido ascisco ago.
tasha pollich;6-6-2023;4448.15;office;Officiis censura bestia.
Mrs. Caroline Bogan;3-29-2023;1221,32;Other;Alienus degenero coadunatio provident defessus sit denego odio tremo aetas.
SHAWNA BERGSTROM;9/11/2023;4661,99;health;Urbanus peccatus quos cerno aptus clam color.
Mamie Lang;5-15-2023;5337.48;Food;Solio combibo sit sumptus blanditiis quis constans doloremque.
miss josefina moore;9-7-2023; 4643.58 ;Food;Caput admitto aut candidus acies xiphias at talus.
DANNY TILLMAN;9-6-2023;2562.60;Travel;Usitas cuius suppono accusator atqui tres demum vespillo enim.
Rosemary Kertzmann I;6-19-2023;8268,59;Food;Excepturi degenero cunctatio crepusculum thorax.
Kathryn Huels;5-22-2023;9957.21;Office;Voveo comprehendo decimus cui tum libero universe crepusculum delicate aggredior.
Larry Gusikowski;2023-12-12;4329.18;health; Dens harum amitto ulterius tribuo super caute vobis tabesco tendo. 
boyd torphy;2023-10-30;237.56;Other; Conatus alii depraedor canonicus crustulum uberrime thymum. 
dwayne smitham;12/11/2023;9676.23;OFFICE; circumvenio ambitus aperio comitatus adimpleo fugit adhaero articulus contra sulum. 
Alberto Schulist;2023-01-21;4718.76;OFFICE;ago umbra crinis pauper.
Cassandra Wilkinson;2023-11-25;9864.64;travel;Balbus bibo suspendo apto.
  Clifford Berge Jr.  ;2023-02-21;605,33; food ;Vereor adficio utrimque vorago vitae terror alii.
Mrs. Angelica Abernathy IV;2023-05-01;8581,09;Travel;Vis deripio depulso.
TERRI JACOBI;6/2/2023;89,73;Food;Cado decretum adflicto cunae tego calco conitor caecus colo libero.
roderick mcglynn;13/8/2023; 1822.38 ;Other;Audentia iste laborum aestus veritatis quae veniam eos chirographum charisma.
CLIFFORD GUSIKOWSKI;11/4/2023;8655.10;Food;verbera pel terror defungo sol.
Alfredo Ankunding;28/8/2023;6663.71;Office; Vitium venustas vespillo pecco decor votum cruentus vulpes valens damnatio. 
  Thelma Hintz  ;19/12/2023;866,45; Office ;Taedium cariosus praesentium.
ms. jessie bergnaum dds;9/5/2023; 9902.41 ;Health;Viriliter corpus tero convoco ipsa solus traho tamen umquam.
Darrell Ritchie V;2023-01-14;3086.70;Other;vis terebro auditor.
bradford hilpert;3-14-2023;4089.16;Travel;Complectus peccatus vaco amiculum cattus similique verus adsuesco spoliatio.
Mindy Erdman;4-27-2023; 3815.60 ;FOOD;AMPLEXUS DERELINQUO ATROCITAS QUO UNA ACCUSANTIUM BONUS.
Joanne Ferry;2023-04-10;5429,56;Travel;attonbitus voveo aedificium accusator verto adaugeo carpo ancilla.
Mr. Nathan Kassulke;13/12/2023; 2876,77 ; Other ;Decipio in ventosus veritatis sum arx.
Nicolas Halvorson;5-2-2023;9170,87;Other;Conicio aureus curriculum victus aureus voveo bonus error cenaculum vicinus.
  Jessie Tromp  ;11/6/2023;2292.51;OTHER; deleo pecus aer attero viridis video. 
Dr. Micheal Reilly;3/3/2023;6725.37; HEALTH ;Voro quibusdam somniculosus.
Leroy Bogan I;2-2-2023;7910.98;travel;Voluptatibus ambitus terebro arx delego solium turbo.
Miss Marian Kulas;18/1/2023; 7192.07 ;OTHER;Cibo cimentarius denuo conitor.
Candace Powlowski;1-4-2023; 3618.27 ;Office;Comprehendo auditor desipio tabernus.
Dr. Marc Wehner;2023-02-19;9510.32;Health;Cognomen pax ut caritas cicuta atrocitas creator appositus.
GENE ORTIZ DVM;1-20-2023;482,79;OFFICE;Creator exercitationem animi vitiosus dolore succedo.
Brandon Tromp;2023-08-11;4526.99;Food; Creator cognatus teneo ventito speciosus speciosus cogito. 
  Sonia Grant  ;6-3-2023;6037.50; Travel ; vero occaecati tersus abbas subvenio turba via degenero. 
Heidi Boyle;9-19-2023;7212.82;office;Adhaero solitudo deludo valens fuga uterque.
  LAWRENCE STREICH  ;2023-07-22; 3252.78 ;TRAVEL; AGNOSCO TOTUS CONTURBO SAEPE BELLUM. 
mrs. janice price;2023-05-30;3346,27; OTHER ;repudiandae venia validus.
Dr. Diane Funk;10-4-2023;5344.21; Office ; Acceptus tenus beatae autem civitas paulatim eum. 
  Dave Dickinson II  ;6-4-2023;5314.02;Travel; Subseco sono abscido. 
Ethel Breitenberg;13/6/2023;3066.11;Other;sollers delectatio urbanus clam tergum dolores.
Arturo Kessler;8-19-2023; 2028.56 ;Other;arma adulatio velociter soleo auctus sumptus.
James Larkin;4/10/2023;6711.82;other;causa usus viriliter sperno ipsum aspernatur culpa.
sonia kirlin;15/8/2023;8568,88;Travel;truculenter callide quia vallum tum validus defluo.
Lynne Hand;2023-04-20;2540.83;Other;Ullus demoror valeo.
  Marcos Bruen  ;2023-11-24;4834,71;Travel;VOLUPTATIBUS AUDACIA DENUO TRICESIMUS.
  DR. ARTURO HAND  ;11-21-2023;6196,20;Other;VELIT VENTOSUS VILIS AMO COPIA.
allison reilly;2023-08-06;920.67;Other;Color ter ciminatio tempora ademptio cibus defleo.
  Angela Turcotte  ;29/5/2023;5982,91;Food;creptio solvo attero volutabrum cunabula sub facere utilis.
Tasha Boyer;2023-09-27;5241,46; HEALTH ;Validus suggero volaticus campana basium.
Andrew Botsford Sr.;4/6/2023; 7981,57 ;Other;altus arguo clarus velociter abeo sollicito tui accusator.
Samuel Shields I;1-13-2023;7380.40; Other ;Tardus abundans tener crustulum vito.
Mrs. Geneva Fisher;6-25-2023;218,97; Office ; DENEGO CURRUS PERFERENDIS VERITAS CURTO AESTUS IN ADSIDUE ARBITRO AESTUS. 
  Mrs. Kristy Nikolaus IV  ;2023-10-28;2002.09;Other; TERGUM ADVENIO TABELLA SOLIUM ALIENUS TAMEN SOLEO CRUENTUS. 
Deborah McKenzie;2023-07-02;2364,38;Office; Stella corrigo abundans sapiente abduco denego virtus. 
gail davis md;21/1/2023;9217.26; Travel ; Inventore delicate thymbra damnatio abstergo temporibus amicitia. 